matchup,game_date,game_start_time_24h,home_team,away_team,home_win_probability,run_timestamp,confidence_pct,confidence_level,pred_home_pts,pred_away_pts,game_start_time_utc,rationale
POR @ SAS,04/21/2026,20:00 ET,SAS,POR,0.7184074059680118,2026-04-21T19:00:35,,,,,,
PHX @ OKC,04/22/2026,21:30 ET,OKC,PHX,0.7173492274530284,2026-04-21T19:00:35,,,,,,
PHI @ BOS,04/21/2026,19:00 ET,BOS,PHI,0.7030015075411724,2026-04-21T19:00:35,,,,,,
ORL @ DET,04/22/2026,19:00 ET,DET,ORL,0.5703477919903697,2026-04-21T19:00:35,,,,,,
HOU @ LAL,04/21/2026,22:30 ET,LAL,HOU,0.4539740132860175,2026-04-21T19:00:35,,,,,,
POR @ SAS,04/21/2026,20:00 ET,SAS,POR,0.7184074059680118,2026-04-21T19:12:07,,,,,,
PHX @ OKC,04/22/2026,21:30 ET,OKC,PHX,0.7173492274530284,2026-04-21T19:12:07,,,,,,
PHI @ BOS,04/21/2026,19:00 ET,BOS,PHI,0.7030015075411724,2026-04-21T19:12:07,,,,,,
ORL @ DET,04/22/2026,19:00 ET,DET,ORL,0.5703477919903697,2026-04-21T19:12:07,,,,,,
HOU @ LAL,04/21/2026,22:30 ET,LAL,HOU,0.4539740132860175,2026-04-21T19:12:07,,,,,,
POR @ SAS,04/21/2026,20:00 ET,SAS,POR,0.7184,2026-04-21T19:26:21,,,,,,
PHX @ OKC,04/22/2026,21:30 ET,OKC,PHX,0.7173,2026-04-21T19:26:21,,,,,,
PHI @ BOS,04/21/2026,19:00 ET,BOS,PHI,0.703,2026-04-21T19:26:21,,,,,,
LAL @ HOU,04/24/2026,20:00 ET,HOU,LAL,0.6735,2026-04-21T19:26:21,,,,,,
NYK @ ATL,04/23/2026,19:00 ET,ATL,NYK,0.5907,2026-04-21T19:26:21,,,,,,
ORL @ DET,04/22/2026,19:00 ET,DET,ORL,0.5703,2026-04-21T19:26:21,,,,,,
HOU @ LAL,04/21/2026,22:30 ET,LAL,HOU,0.454,2026-04-21T19:26:21,,,,,,
CLE @ TOR,04/23/2026,20:00 ET,TOR,CLE,0.4529,2026-04-21T19:26:21,,,,,,
BOS @ PHI,04/24/2026,19:00 ET,PHI,BOS,0.4178,2026-04-21T19:26:21,,,,,,
DEN @ MIN,04/23/2026,21:30 ET,MIN,DEN,0.295,2026-04-21T19:26:21,,,,,,
POR @ SAS,04/21/2026,20:00 ET,SAS,POR,0.7184,2026-04-21T19:29:14,0.7184,high,,,,
PHX @ OKC,04/22/2026,21:30 ET,OKC,PHX,0.7173,2026-04-21T19:29:14,0.7173,high,,,,
PHI @ BOS,04/21/2026,19:00 ET,BOS,PHI,0.703,2026-04-21T19:29:14,0.703,high,,,,
ORL @ DET,04/22/2026,19:00 ET,DET,ORL,0.5703,2026-04-21T19:29:14,0.5703,medium,,,,
HOU @ LAL,04/21/2026,22:30 ET,LAL,HOU,0.454,2026-04-21T19:29:14,0.546,low,,,,
POR @ SAS,04/21/2026,20:00 ET,SAS,POR,0.7184,2026-04-21T19:36:01,0.7184,high,,,,
PHX @ OKC,04/22/2026,21:30 ET,OKC,PHX,0.7173,2026-04-21T19:36:01,0.7173,high,,,,
PHI @ BOS,04/21/2026,19:00 ET,BOS,PHI,0.703,2026-04-21T19:36:01,0.703,high,,,,
ORL @ DET,04/22/2026,19:00 ET,DET,ORL,0.5703,2026-04-21T19:36:01,0.5703,medium,,,,
HOU @ LAL,04/21/2026,22:30 ET,LAL,HOU,0.454,2026-04-21T19:36:01,0.546,low,,,,
POR @ SAS,04/21/2026,20:00 ET,SAS,POR,0.7184,2026-04-21T19:39:03,0.7184,high,,,,
PHX @ OKC,04/22/2026,21:30 ET,OKC,PHX,0.7173,2026-04-21T19:39:03,0.7173,high,,,,
PHI @ BOS,04/21/2026,19:00 ET,BOS,PHI,0.703,2026-04-21T19:39:03,0.703,high,,,,
ORL @ DET,04/22/2026,19:00 ET,DET,ORL,0.5703,2026-04-21T19:39:03,0.5703,medium,,,,
HOU @ LAL,04/21/2026,22:30 ET,LAL,HOU,0.454,2026-04-21T19:39:03,0.546,low,,,,
POR @ SAS,04/21/2026,20:00 ET,SAS,POR,0.7184,2026-04-21T19:40:16,0.7184,high,,,,
PHX @ OKC,04/22/2026,21:30 ET,OKC,PHX,0.7173,2026-04-21T19:40:16,0.7173,high,,,,
PHI @ BOS,04/21/2026,19:00 ET,BOS,PHI,0.703,2026-04-21T19:40:16,0.703,high,,,,
ORL @ DET,04/22/2026,19:00 ET,DET,ORL,0.5703,2026-04-21T19:40:16,0.5703,medium,,,,
HOU @ LAL,04/21/2026,22:30 ET,LAL,HOU,0.454,2026-04-21T19:40:16,0.546,low,,,,
POR @ SAS,04/21/2026,20:00 ET,SAS,POR,0.7184,2026-04-21T19:46:19,0.7184,high,,,,
PHX @ OKC,04/22/2026,21:30 ET,OKC,PHX,0.7173,2026-04-21T19:46:19,0.7173,high,,,,
PHI @ BOS,04/21/2026,19:00 ET,BOS,PHI,0.703,2026-04-21T19:46:19,0.703,high,,,,
ORL @ DET,04/22/2026,19:00 ET,DET,ORL,0.5703,2026-04-21T19:46:19,0.5703,medium,,,,
HOU @ LAL,04/21/2026,22:30 ET,LAL,HOU,0.454,2026-04-21T19:46:19,0.546,low,,,,
PHX @ OKC,04/22/2026,21:30 ET,OKC,PHX,0.7173,2026-04-21T21:26:11,0.7173,high,,,,
NYK @ ATL,04/23/2026,19:00 ET,ATL,NYK,0.5907,2026-04-21T21:26:11,0.5907,medium,,,,
ORL @ DET,04/22/2026,19:00 ET,DET,ORL,0.5703,2026-04-21T21:26:11,0.5703,medium,,,,
CLE @ TOR,04/23/2026,20:00 ET,TOR,CLE,0.4529,2026-04-21T21:26:11,0.5471,low,,,,
DEN @ MIN,04/23/2026,21:30 ET,MIN,DEN,0.295,2026-04-21T21:26:11,0.705,high,,,,
POR @ SAS,04/21/2026,20:00 ET,SAS,POR,0.7184,2026-04-21T21:31:49,0.7184,high,,,,
PHX @ OKC,04/22/2026,21:30 ET,OKC,PHX,0.7173,2026-04-21T21:31:49,0.7173,high,,,,
PHI @ BOS,04/21/2026,19:00 ET,BOS,PHI,0.703,2026-04-21T21:31:49,0.703,high,,,,
ORL @ DET,04/22/2026,19:00 ET,DET,ORL,0.5703,2026-04-21T21:31:49,0.5703,medium,,,,
HOU @ LAL,04/21/2026,22:30 ET,LAL,HOU,0.454,2026-04-21T21:31:49,0.546,low,,,,
POR @ SAS,04/21/2026,20:00 ET,SAS,POR,0.7184,2026-04-21T21:39:45,0.7184,high,,,,
PHX @ OKC,04/22/2026,21:30 ET,OKC,PHX,0.7173,2026-04-21T21:39:45,0.7173,high,,,,
PHI @ BOS,04/21/2026,19:00 ET,BOS,PHI,0.703,2026-04-21T21:39:45,0.703,high,,,,
ORL @ DET,04/22/2026,19:00 ET,DET,ORL,0.5703,2026-04-21T21:39:45,0.5703,medium,,,,
HOU @ LAL,04/21/2026,22:30 ET,LAL,HOU,0.454,2026-04-21T21:39:45,0.546,low,,,,
PHX @ OKC,04/22/2026,21:30 ET,OKC,PHX,0.7173,2026-04-22T15:26:33,0.7173,high,,,,
NYK @ ATL,04/23/2026,19:00 ET,ATL,NYK,0.5907,2026-04-22T15:26:33,0.5907,medium,,,,
ORL @ DET,04/22/2026,19:00 ET,DET,ORL,0.5703,2026-04-22T15:26:33,0.5703,medium,,,,
CLE @ TOR,04/23/2026,20:00 ET,TOR,CLE,0.4529,2026-04-22T15:26:33,0.5471,low,,,,
DEN @ MIN,04/23/2026,21:30 ET,MIN,DEN,0.295,2026-04-22T15:26:33,0.705,high,,,,
PHX @ OKC,04/22/2026,21:30 ET,OKC,PHX,0.7173,2026-04-22T15:26:49,0.7173,high,,,,
NYK @ ATL,04/23/2026,19:00 ET,ATL,NYK,0.5907,2026-04-22T15:26:49,0.5907,medium,,,,
ORL @ DET,04/22/2026,19:00 ET,DET,ORL,0.5703,2026-04-22T15:26:49,0.5703,medium,,,,
CLE @ TOR,04/23/2026,20:00 ET,TOR,CLE,0.4529,2026-04-22T15:26:49,0.5471,low,,,,
DEN @ MIN,04/23/2026,21:30 ET,MIN,DEN,0.295,2026-04-22T15:26:49,0.705,high,,,,
PHX @ OKC,04/22/2026,21:30 ET,OKC,PHX,0.7173,2026-04-22T15:26:53,0.7173,high,,,,
LAL @ HOU,04/24/2026,20:00 ET,HOU,LAL,0.6735,2026-04-22T15:26:53,0.6735,high,,,,
NYK @ ATL,04/23/2026,19:00 ET,ATL,NYK,0.5907,2026-04-22T15:26:53,0.5907,medium,,,,
ORL @ DET,04/22/2026,19:00 ET,DET,ORL,0.5703,2026-04-22T15:26:53,0.5703,medium,,,,
CLE @ TOR,04/23/2026,20:00 ET,TOR,CLE,0.4529,2026-04-22T15:26:53,0.5471,low,,,,
BOS @ PHI,04/24/2026,19:00 ET,PHI,BOS,0.4178,2026-04-22T15:26:53,0.5822,medium,,,,
SAS @ POR,04/24/2026,22:30 ET,POR,SAS,0.4079,2026-04-22T15:26:53,0.5921,medium,,,,
DEN @ MIN,04/23/2026,21:30 ET,MIN,DEN,0.295,2026-04-22T15:26:53,0.705,high,,,,
PHX @ OKC,04/22/2026,21:30 ET,OKC,PHX,0.7173,2026-04-22T15:32:19,0.7173,high,,,,
NYK @ ATL,04/23/2026,19:00 ET,ATL,NYK,0.5907,2026-04-22T15:32:19,0.5907,medium,,,,
ORL @ DET,04/22/2026,19:00 ET,DET,ORL,0.5703,2026-04-22T15:32:19,0.5703,medium,,,,
CLE @ TOR,04/23/2026,20:00 ET,TOR,CLE,0.4529,2026-04-22T15:32:19,0.5471,low,,,,
DEN @ MIN,04/23/2026,21:30 ET,MIN,DEN,0.295,2026-04-22T15:32:19,0.705,high,,,,
LAL @ HOU,04/24/2026,20:00 ET,HOU,LAL,0.6735,2026-04-23T02:07:18,0.6735,high,,,,
NYK @ ATL,04/23/2026,19:00 ET,ATL,NYK,0.5907,2026-04-23T02:07:18,0.5907,medium,,,,
CLE @ TOR,04/23/2026,20:00 ET,TOR,CLE,0.4529,2026-04-23T02:07:18,0.5471,low,,,,
BOS @ PHI,04/24/2026,19:00 ET,PHI,BOS,0.4178,2026-04-23T02:07:18,0.5822,medium,,,,
DEN @ MIN,04/23/2026,21:30 ET,MIN,DEN,0.295,2026-04-23T02:07:18,0.705,high,,,,
MIN @ DEN,04/27/2026,22:30 ET,DEN,MIN,0.8077,2026-04-24T01:27:09,0.8077,high,,,,
POR @ SAS,04/28/2026,21:30 ET,SAS,POR,0.7184,2026-04-24T01:27:09,0.7184,high,,,,
PHX @ OKC,04/29/2026,unknown,OKC,PHX,0.7173,2026-04-24T01:27:09,0.7173,high,,,,
PHI @ BOS,04/28/2026,19:00 ET,BOS,PHI,0.703,2026-04-24T01:27:09,0.703,high,,,,
LAL @ HOU,04/24/2026,20:00 ET,HOU,LAL,0.6735,2026-04-24T01:27:09,0.6735,high,,,,
LAL @ HOU,04/26/2026,21:30 ET,HOU,LAL,0.6735,2026-04-24T01:27:09,0.6735,high,,,,
TOR @ CLE,04/29/2026,unknown,CLE,TOR,0.6707,2026-04-24T01:27:09,0.6707,high,,,,
NYK @ ATL,04/25/2026,18:00 ET,ATL,NYK,0.5907,2026-04-24T01:27:09,0.5907,medium,,,,
ORL @ DET,04/29/2026,unknown,DET,ORL,0.5703,2026-04-24T01:27:09,0.5703,medium,,,,
DET @ ORL,04/27/2026,20:00 ET,ORL,DET,0.5649,2026-04-24T01:27:09,0.5649,medium,,,,
DET @ ORL,04/25/2026,13:00 ET,ORL,DET,0.5649,2026-04-24T01:27:09,0.5649,medium,,,,
ATL @ NYK,04/28/2026,20:00 ET,NYK,ATL,0.5446,2026-04-24T01:27:09,0.5446,low,,,,
CLE @ TOR,04/26/2026,13:00 ET,TOR,CLE,0.4529,2026-04-24T01:27:09,0.5471,low,,,,
BOS @ PHI,04/26/2026,19:00 ET,PHI,BOS,0.4178,2026-04-24T01:27:09,0.5822,medium,,,,
BOS @ PHI,04/24/2026,19:00 ET,PHI,BOS,0.4178,2026-04-24T01:27:09,0.5822,medium,,,,
SAS @ POR,04/26/2026,15:30 ET,POR,SAS,0.4079,2026-04-24T01:27:09,0.5921,medium,,,,
SAS @ POR,04/24/2026,22:30 ET,POR,SAS,0.4079,2026-04-24T01:27:09,0.5921,medium,,,,
OKC @ PHX,04/27/2026,21:30 ET,PHX,OKC,0.4013,2026-04-24T01:27:09,0.5987,medium,,,,
OKC @ PHX,04/25/2026,15:30 ET,PHX,OKC,0.4013,2026-04-24T01:27:09,0.5987,medium,,,,
DEN @ MIN,04/25/2026,20:30 ET,MIN,DEN,0.295,2026-04-24T01:27:09,0.705,high,,,,
LAL @ HOU,04/24/2026,20:00 ET,HOU,LAL,0.6735,2026-04-24T01:27:51,0.6735,high,,,,
DET @ ORL,04/25/2026,13:00 ET,ORL,DET,0.5649,2026-04-24T01:27:51,0.5649,medium,,,,
BOS @ PHI,04/24/2026,19:00 ET,PHI,BOS,0.4178,2026-04-24T01:27:51,0.5822,medium,,,,
SAS @ POR,04/24/2026,22:30 ET,POR,SAS,0.4079,2026-04-24T01:27:51,0.5921,medium,,,,
OKC @ PHX,04/25/2026,15:30 ET,PHX,OKC,0.4013,2026-04-24T01:27:51,0.5987,medium,,,,
LAL @ HOU,04/24/2026,20:00 ET,HOU,LAL,0.6735,2026-04-24T11:45:27,0.6735,high,,,,
DET @ ORL,04/25/2026,13:00 ET,ORL,DET,0.5649,2026-04-24T11:45:27,0.5649,medium,,,,
BOS @ PHI,04/24/2026,19:00 ET,PHI,BOS,0.4178,2026-04-24T11:45:27,0.5822,medium,,,,
SAS @ POR,04/24/2026,22:30 ET,POR,SAS,0.4079,2026-04-24T11:45:27,0.5921,medium,,,,
OKC @ PHX,04/25/2026,15:30 ET,PHX,OKC,0.4013,2026-04-24T11:45:27,0.5987,medium,,,,
MIN @ DEN,04/27/2026,22:30 ET,DEN,MIN,0.8077,2026-04-24T11:52:24,0.8077,high,,,,
POR @ SAS,04/28/2026,21:30 ET,SAS,POR,0.7184,2026-04-24T11:52:24,0.7184,high,,,,
PHX @ OKC,04/29/2026,unknown,OKC,PHX,0.7173,2026-04-24T11:52:24,0.7173,high,,,,
PHI @ BOS,04/28/2026,19:00 ET,BOS,PHI,0.703,2026-04-24T11:52:24,0.703,high,,,,
LAL @ HOU,04/24/2026,20:00 ET,HOU,LAL,0.6735,2026-04-24T11:52:24,0.6735,high,,,,
LAL @ HOU,04/26/2026,21:30 ET,HOU,LAL,0.6735,2026-04-24T11:52:24,0.6735,high,,,,
TOR @ CLE,04/29/2026,unknown,CLE,TOR,0.6707,2026-04-24T11:52:24,0.6707,high,,,,
NYK @ ATL,04/25/2026,18:00 ET,ATL,NYK,0.5907,2026-04-24T11:52:24,0.5907,medium,,,,
ORL @ DET,04/29/2026,unknown,DET,ORL,0.5703,2026-04-24T11:52:24,0.5703,medium,,,,
DET @ ORL,04/27/2026,20:00 ET,ORL,DET,0.5649,2026-04-24T11:52:24,0.5649,medium,,,,
DET @ ORL,04/25/2026,13:00 ET,ORL,DET,0.5649,2026-04-24T11:52:24,0.5649,medium,,,,
ATL @ NYK,04/28/2026,20:00 ET,NYK,ATL,0.5446,2026-04-24T11:52:24,0.5446,low,,,,
CLE @ TOR,04/26/2026,13:00 ET,TOR,CLE,0.4529,2026-04-24T11:52:24,0.5471,low,,,,
BOS @ PHI,04/26/2026,19:00 ET,PHI,BOS,0.4178,2026-04-24T11:52:24,0.5822,medium,,,,
BOS @ PHI,04/24/2026,19:00 ET,PHI,BOS,0.4178,2026-04-24T11:52:24,0.5822,medium,,,,
SAS @ POR,04/26/2026,15:30 ET,POR,SAS,0.4079,2026-04-24T11:52:24,0.5921,medium,,,,
SAS @ POR,04/24/2026,22:30 ET,POR,SAS,0.4079,2026-04-24T11:52:24,0.5921,medium,,,,
OKC @ PHX,04/27/2026,21:30 ET,PHX,OKC,0.4013,2026-04-24T11:52:24,0.5987,medium,,,,
OKC @ PHX,04/25/2026,15:30 ET,PHX,OKC,0.4013,2026-04-24T11:52:24,0.5987,medium,,,,
DEN @ MIN,04/25/2026,20:30 ET,MIN,DEN,0.295,2026-04-24T11:52:24,0.705,high,,,,
LAL @ HOU,04/24/2026,20:00 ET,HOU,LAL,0.6735,2026-04-24T21:31:07,0.6735,high,,,,
DET @ ORL,04/25/2026,13:00 ET,ORL,DET,0.5649,2026-04-24T21:31:07,0.5649,medium,,,,
BOS @ PHI,04/24/2026,19:00 ET,PHI,BOS,0.4178,2026-04-24T21:31:07,0.5822,medium,,,,
SAS @ POR,04/24/2026,22:30 ET,POR,SAS,0.4079,2026-04-24T21:31:07,0.5921,medium,,,,
OKC @ PHX,04/25/2026,15:30 ET,PHX,OKC,0.4013,2026-04-24T21:31:07,0.5987,medium,,,,
LAL @ HOU,04/24/2026,20:00 ET,HOU,LAL,0.6735,2026-04-24T21:31:37,0.6735,high,,,,
NYK @ ATL,04/25/2026,18:00 ET,ATL,NYK,0.5907,2026-04-24T21:31:37,0.5907,medium,,,,
DET @ ORL,04/25/2026,13:00 ET,ORL,DET,0.5649,2026-04-24T21:31:37,0.5649,medium,,,,
BOS @ PHI,04/24/2026,19:00 ET,PHI,BOS,0.4178,2026-04-24T21:31:37,0.5822,medium,,,,
SAS @ POR,04/24/2026,22:30 ET,POR,SAS,0.4079,2026-04-24T21:31:37,0.5921,medium,,,,
OKC @ PHX,04/25/2026,15:30 ET,PHX,OKC,0.4013,2026-04-24T21:31:37,0.5987,medium,,,,
LAL @ HOU,04/26/2026,21:30 ET,HOU,LAL,0.6735390375034642,2026-04-26T15:56:44,,,,,,
DET @ ORL,04/27/2026,20:00 ET,ORL,DET,0.5649247904565416,2026-04-26T15:56:44,,,,,,
CLE @ TOR,04/26/2026,13:00 ET,TOR,CLE,0.4528891739493972,2026-04-26T15:56:44,,,,,,
BOS @ PHI,04/26/2026,19:00 ET,PHI,BOS,0.4178042091963249,2026-04-26T15:56:44,,,,,,
SAS @ POR,04/26/2026,15:30 ET,POR,SAS,0.4078507591002601,2026-04-26T15:56:44,,,,,,
LAL @ HOU,04/26/2026,21:30 ET,HOU,LAL,0.6735,2026-04-26T15:57:29,0.6735,high,,,,
DET @ ORL,04/27/2026,20:00 ET,ORL,DET,0.5649,2026-04-26T15:57:29,0.5649,medium,,,,
CLE @ TOR,04/26/2026,13:00 ET,TOR,CLE,0.4529,2026-04-26T15:57:29,0.5471,low,,,,
BOS @ PHI,04/26/2026,19:00 ET,PHI,BOS,0.4178,2026-04-26T15:57:29,0.5822,medium,,,,
SAS @ POR,04/26/2026,15:30 ET,POR,SAS,0.4079,2026-04-26T15:57:29,0.5921,medium,,,,
NYK @ ATL,04/30/2026,unknown,ATL,NYK,0.5907,2026-04-30T19:30:19,0.5907,medium,,,,
DET @ ORL,05/01/2026,unknown,ORL,DET,0.5649,2026-04-30T19:30:19,0.5649,medium,,,,
BOS @ PHI,04/30/2026,unknown,PHI,BOS,0.4178,2026-04-30T19:30:19,0.5822,medium,,,,
SAS @ POR,04/30/2026,unknown,POR,SAS,0.4079,2026-04-30T19:30:19,0.5921,medium,,,,
DEN @ MIN,04/30/2026,unknown,MIN,DEN,0.295,2026-04-30T19:30:19,0.705,high,,,,
NYK @ ATL,04/30/2026,unknown,ATL,NYK,0.5907,2026-04-30T19:30:54,0.5907,medium,,,,
DET @ ORL,05/01/2026,unknown,ORL,DET,0.5649,2026-04-30T19:30:54,0.5649,medium,,,,
BOS @ PHI,04/30/2026,unknown,PHI,BOS,0.4178,2026-04-30T19:30:54,0.5822,medium,,,,
SAS @ POR,04/30/2026,unknown,POR,SAS,0.4079,2026-04-30T19:30:54,0.5921,medium,,,,
DEN @ MIN,04/30/2026,unknown,MIN,DEN,0.295,2026-04-30T19:30:54,0.705,high,,,,
NYK @ ATL,04/30/2026,unknown,ATL,NYK,0.5907,2026-04-30T19:40:58,0.5907,medium,,,,
DET @ ORL,05/01/2026,unknown,ORL,DET,0.5649,2026-04-30T19:40:58,0.5649,medium,,,,
BOS @ PHI,04/30/2026,unknown,PHI,BOS,0.4178,2026-04-30T19:40:58,0.5822,medium,,,,
SAS @ POR,04/30/2026,unknown,POR,SAS,0.4079,2026-04-30T19:40:58,0.5921,medium,,,,
DEN @ MIN,04/30/2026,unknown,MIN,DEN,0.295,2026-04-30T19:40:58,0.705,high,,,,
MIN @ DEN,05/02/2026,unknown,DEN,MIN,0.8077231515103392,2026-04-30T19:46:29,,,,,,
POR @ SAS,05/02/2026,unknown,SAS,POR,0.7184074059680118,2026-04-30T19:46:29,,,,,,
PHX @ OKC,05/03/2026,unknown,OKC,PHX,0.7173492274530284,2026-04-30T19:46:29,,,,,,
PHI @ BOS,05/02/2026,unknown,BOS,PHI,0.7030015075411724,2026-04-30T19:46:29,,,,,,
TOR @ CLE,05/03/2026,unknown,CLE,TOR,0.6707484282842846,2026-04-30T19:46:29,,,,,,
ORL @ DET,05/03/2026,unknown,DET,ORL,0.5703477919903697,2026-04-30T19:46:29,,,,,,
ATL @ NYK,05/02/2026,unknown,NYK,ATL,0.5446255458617317,2026-04-30T19:46:29,,,,,,
HOU @ LAL,05/03/2026,unknown,LAL,HOU,0.4539740132860175,2026-04-30T19:46:29,,,,,,
MIN @ DEN,05/02/2026,unknown,DEN,MIN,0.8077,2026-04-30T20:03:27,0.8077,high,,,,
POR @ SAS,05/02/2026,unknown,SAS,POR,0.7184,2026-04-30T20:03:27,0.7184,high,,,,
PHX @ OKC,05/03/2026,unknown,OKC,PHX,0.7173,2026-04-30T20:03:27,0.7173,high,,,,
PHI @ BOS,05/02/2026,unknown,BOS,PHI,0.703,2026-04-30T20:03:27,0.703,high,,,,
LAL @ HOU,05/01/2026,unknown,HOU,LAL,0.6735,2026-04-30T20:03:27,0.6735,high,,,,
TOR @ CLE,05/03/2026,unknown,CLE,TOR,0.6707,2026-04-30T20:03:27,0.6707,high,,,,
NYK @ ATL,04/30/2026,unknown,ATL,NYK,0.5907,2026-04-30T20:03:27,0.5907,medium,,,,
ORL @ DET,05/03/2026,unknown,DET,ORL,0.5703,2026-04-30T20:03:27,0.5703,medium,,,,
DET @ ORL,05/01/2026,unknown,ORL,DET,0.5649,2026-04-30T20:03:27,0.5649,medium,,,,
ATL @ NYK,05/02/2026,unknown,NYK,ATL,0.5446,2026-04-30T20:03:27,0.5446,low,,,,
CLE @ TOR,05/01/2026,unknown,TOR,CLE,0.4529,2026-04-30T20:03:27,0.5471,low,,,,
BOS @ PHI,04/30/2026,unknown,PHI,BOS,0.4178,2026-04-30T20:03:27,0.5822,medium,,,,
SAS @ POR,04/30/2026,unknown,POR,SAS,0.4079,2026-04-30T20:03:27,0.5921,medium,,,,
OKC @ PHX,05/01/2026,unknown,PHX,OKC,0.4013,2026-04-30T20:03:27,0.5987,medium,,,,
DEN @ MIN,04/30/2026,unknown,MIN,DEN,0.295,2026-04-30T20:03:27,0.705,high,,,,
NYK @ ATL,04/30/2026,unknown,ATL,NYK,0.5808,2026-04-30T20:40:27,0.5808,medium,,,,
DEN @ MIN,04/30/2026,unknown,MIN,DEN,0.4163,2026-04-30T20:40:27,0.5837,medium,,,,
DET @ ORL,05/01/2026,unknown,ORL,DET,0.3703,2026-04-30T20:40:27,0.6297,medium,,,,
BOS @ PHI,04/30/2026,unknown,PHI,BOS,0.3464,2026-04-30T20:40:27,0.6536,high,,,,
SAS @ POR,04/30/2026,unknown,POR,SAS,0.292,2026-04-30T20:40:27,0.708,high,,,,
NYK @ ATL,04/30/2026,unknown,ATL,NYK,0.5808,2026-04-30T20:43:27,0.5808,medium,,,,
DEN @ MIN,04/30/2026,unknown,MIN,DEN,0.4163,2026-04-30T20:43:27,0.5837,medium,,,,
DET @ ORL,05/01/2026,unknown,ORL,DET,0.3703,2026-04-30T20:43:27,0.6297,medium,,,,
BOS @ PHI,04/30/2026,unknown,PHI,BOS,0.3464,2026-04-30T20:43:27,0.6536,high,,,,
SAS @ POR,04/30/2026,unknown,POR,SAS,0.292,2026-04-30T20:43:27,0.708,high,,,,
NYK @ ATL,04/30/2026,unknown,ATL,NYK,0.5808,2026-04-30T20:50:00,0.5808,medium,,,,
DEN @ MIN,04/30/2026,unknown,MIN,DEN,0.4163,2026-04-30T20:50:00,0.5837,medium,,,,
DET @ ORL,05/01/2026,unknown,ORL,DET,0.3703,2026-04-30T20:50:00,0.6297,medium,,,,
BOS @ PHI,04/30/2026,unknown,PHI,BOS,0.3464,2026-04-30T20:50:00,0.6536,high,,,,
SAS @ POR,04/30/2026,unknown,POR,SAS,0.292,2026-04-30T20:50:00,0.708,high,,,,
NYK @ ATL,04/30/2026,unknown,Atlanta Hawks,New York Knicks,0.5808,2026-04-30T20:55:00,0.5808,medium,,,,
DEN @ MIN,04/30/2026,unknown,Minnesota Timberwolves,Denver Nuggets,0.4163,2026-04-30T20:55:00,0.5837,medium,,,,
DET @ ORL,05/01/2026,unknown,Orlando Magic,Detroit Pistons,0.3703,2026-04-30T20:55:00,0.6297,medium,,,,
BOS @ PHI,04/30/2026,unknown,Philadelphia 76ers,Boston Celtics,0.3464,2026-04-30T20:55:00,0.6536,high,,,,
SAS @ POR,04/30/2026,unknown,Portland Trail Blazers,San Antonio Spurs,0.292,2026-04-30T20:55:00,0.708,high,,,,
NYK @ ATL,04/30/2026,unknown,Atlanta Hawks,New York Knicks,0.5808,2026-04-30T20:56:59,0.5808,medium,,,,
DEN @ MIN,04/30/2026,unknown,Minnesota Timberwolves,Denver Nuggets,0.4163,2026-04-30T20:56:59,0.5837,medium,,,,
DET @ ORL,05/01/2026,unknown,Orlando Magic,Detroit Pistons,0.3703,2026-04-30T20:56:59,0.6297,medium,,,,
BOS @ PHI,04/30/2026,unknown,Philadelphia 76ers,Boston Celtics,0.3464,2026-04-30T20:56:59,0.6536,high,,,,
SAS @ POR,04/30/2026,unknown,Portland Trail Blazers,San Antonio Spurs,0.292,2026-04-30T20:56:59,0.708,high,,,,
NYK @ ATL,04/30/2026,unknown,Atlanta Hawks,New York Knicks,0.5808,2026-04-30T20:58:10,0.5808,medium,,,,
DEN @ MIN,04/30/2026,unknown,Minnesota Timberwolves,Denver Nuggets,0.4163,2026-04-30T20:58:10,0.5837,medium,,,,
DET @ ORL,05/01/2026,unknown,Orlando Magic,Detroit Pistons,0.3703,2026-04-30T20:58:10,0.6297,medium,,,,
BOS @ PHI,04/30/2026,unknown,Philadelphia 76ers,Boston Celtics,0.3464,2026-04-30T20:58:10,0.6536,high,,,,
SAS @ POR,04/30/2026,unknown,Portland Trail Blazers,San Antonio Spurs,0.292,2026-04-30T20:58:10,0.708,high,,,,
NYK @ ATL,04/30/2026,unknown,Atlanta Hawks,New York Knicks,0.5808,2026-04-30T21:01:13,0.5808,medium,,,,
DEN @ MIN,04/30/2026,unknown,Minnesota Timberwolves,Denver Nuggets,0.4163,2026-04-30T21:01:13,0.5837,medium,,,,
DET @ ORL,05/01/2026,unknown,Orlando Magic,Detroit Pistons,0.3703,2026-04-30T21:01:13,0.6297,medium,,,,
BOS @ PHI,04/30/2026,unknown,Philadelphia 76ers,Boston Celtics,0.3464,2026-04-30T21:01:13,0.6536,high,,,,
SAS @ POR,04/30/2026,unknown,Portland Trail Blazers,San Antonio Spurs,0.292,2026-04-30T21:01:13,0.708,high,,,,
NYK @ ATL,04/30/2026,unknown,Atlanta Hawks,New York Knicks,0.5808,2026-04-30T21:04:33,0.5808,medium,,,,
DEN @ MIN,04/30/2026,unknown,Minnesota Timberwolves,Denver Nuggets,0.4163,2026-04-30T21:04:33,0.5837,medium,,,,
DET @ ORL,05/01/2026,unknown,Orlando Magic,Detroit Pistons,0.3703,2026-04-30T21:04:33,0.6297,medium,,,,
BOS @ PHI,04/30/2026,unknown,Philadelphia 76ers,Boston Celtics,0.3464,2026-04-30T21:04:33,0.6536,high,,,,
SAS @ POR,04/30/2026,unknown,Portland Trail Blazers,San Antonio Spurs,0.292,2026-04-30T21:04:33,0.708,high,,,,
NYK @ ATL,04/30/2026,unknown,Atlanta Hawks,New York Knicks,0.5808,2026-04-30T21:08:28,0.5808,medium,,,,
DEN @ MIN,04/30/2026,unknown,Minnesota Timberwolves,Denver Nuggets,0.4163,2026-04-30T21:08:28,0.5837,medium,,,,
DET @ ORL,05/01/2026,unknown,Orlando Magic,Detroit Pistons,0.3703,2026-04-30T21:08:28,0.6297,medium,,,,
BOS @ PHI,04/30/2026,unknown,Philadelphia 76ers,Boston Celtics,0.3464,2026-04-30T21:08:28,0.6536,high,,,,
SAS @ POR,04/30/2026,unknown,Portland Trail Blazers,San Antonio Spurs,0.292,2026-04-30T21:08:28,0.708,high,,,,
NYK @ ATL,04/30/2026,unknown,Atlanta Hawks,New York Knicks,0.5808,2026-04-30T21:09:29,0.5808,medium,,,,
DEN @ MIN,04/30/2026,unknown,Minnesota Timberwolves,Denver Nuggets,0.4163,2026-04-30T21:09:29,0.5837,medium,,,,
DET @ ORL,05/01/2026,unknown,Orlando Magic,Detroit Pistons,0.3703,2026-04-30T21:09:29,0.6297,medium,,,,
BOS @ PHI,04/30/2026,unknown,Philadelphia 76ers,Boston Celtics,0.3464,2026-04-30T21:09:29,0.6536,high,,,,
SAS @ POR,04/30/2026,unknown,Portland Trail Blazers,San Antonio Spurs,0.292,2026-04-30T21:09:29,0.708,high,,,,
NYK @ ATL,04/30/2026,unknown,Atlanta Hawks,New York Knicks,0.5808,2026-04-30T21:12:41,0.5808,medium,,,,
DEN @ MIN,04/30/2026,unknown,Minnesota Timberwolves,Denver Nuggets,0.4163,2026-04-30T21:12:41,0.5837,medium,,,,
DET @ ORL,05/01/2026,unknown,Orlando Magic,Detroit Pistons,0.3703,2026-04-30T21:12:41,0.6297,medium,,,,
BOS @ PHI,04/30/2026,unknown,Philadelphia 76ers,Boston Celtics,0.3464,2026-04-30T21:12:41,0.6536,high,,,,
SAS @ POR,04/30/2026,unknown,Portland Trail Blazers,San Antonio Spurs,0.292,2026-04-30T21:12:41,0.708,high,,,,
NYK @ ATL,04/30/2026,19:00 ET,Atlanta Hawks,New York Knicks,0.5808,2026-04-30T21:14:13,0.5808,medium,,,,
DEN @ MIN,04/30/2026,21:30 ET,Minnesota Timberwolves,Denver Nuggets,0.4163,2026-04-30T21:14:13,0.5837,medium,,,,
DET @ ORL,05/01/2026,19:00 ET,Orlando Magic,Detroit Pistons,0.3703,2026-04-30T21:14:13,0.6297,medium,,,,
BOS @ PHI,04/30/2026,20:00 ET,Philadelphia 76ers,Boston Celtics,0.3464,2026-04-30T21:14:13,0.6536,high,,,,
SAS @ POR,04/30/2026,unknown,Portland Trail Blazers,San Antonio Spurs,0.292,2026-04-30T21:14:13,0.708,high,,,,
PHI @ BOS,05/02/2026,00:00 ET,Boston Celtics,Philadelphia 76ers,0.751,2026-04-30T21:15:16,0.751,high,,,,
NYK @ ATL,04/30/2026,19:00 ET,Atlanta Hawks,New York Knicks,0.5808,2026-04-30T21:15:16,0.5808,medium,,,,
ATL @ NYK,05/02/2026,00:00 ET,New York Knicks,Atlanta Hawks,0.5247,2026-04-30T21:15:16,0.5247,low,,,,
CLE @ TOR,05/01/2026,19:30 ET,Toronto Raptors,Cleveland Cavaliers,0.5236,2026-04-30T21:15:16,0.5236,low,,,,
LAL @ HOU,05/01/2026,21:30 ET,Houston Rockets,Los Angeles Lakers,0.4701,2026-04-30T21:15:16,0.5299,low,,,,
DEN @ MIN,04/30/2026,21:30 ET,Minnesota Timberwolves,Denver Nuggets,0.4163,2026-04-30T21:15:16,0.5837,medium,,,,
DET @ ORL,05/01/2026,19:00 ET,Orlando Magic,Detroit Pistons,0.3703,2026-04-30T21:15:16,0.6297,medium,,,,
BOS @ PHI,04/30/2026,20:00 ET,Philadelphia 76ers,Boston Celtics,0.3464,2026-04-30T21:15:16,0.6536,high,,,,
SAS @ POR,04/30/2026,unknown,Portland Trail Blazers,San Antonio Spurs,0.292,2026-04-30T21:15:16,0.708,high,,,,
OKC @ PHX,05/01/2026,unknown,Phoenix Suns,Oklahoma City Thunder,0.2049,2026-04-30T21:15:16,0.7951,high,,,,
PHI @ BOS,05/02/2026,00:00 ET,Boston Celtics,Philadelphia 76ers,0.751,2026-04-30T21:17:54,0.751,high,,,,
NYK @ ATL,04/30/2026,19:00 ET,Atlanta Hawks,New York Knicks,0.5808,2026-04-30T21:17:54,0.5808,medium,,,,
ATL @ NYK,05/02/2026,00:00 ET,New York Knicks,Atlanta Hawks,0.5247,2026-04-30T21:17:54,0.5247,low,,,,
CLE @ TOR,05/01/2026,19:30 ET,Toronto Raptors,Cleveland Cavaliers,0.5236,2026-04-30T21:17:54,0.5236,low,,,,
LAL @ HOU,05/01/2026,21:30 ET,Houston Rockets,Los Angeles Lakers,0.4701,2026-04-30T21:17:54,0.5299,low,,,,
DEN @ MIN,04/30/2026,21:30 ET,Minnesota Timberwolves,Denver Nuggets,0.4163,2026-04-30T21:17:54,0.5837,medium,,,,
DET @ ORL,05/01/2026,19:00 ET,Orlando Magic,Detroit Pistons,0.3703,2026-04-30T21:17:54,0.6297,medium,,,,
BOS @ PHI,04/30/2026,20:00 ET,Philadelphia 76ers,Boston Celtics,0.3464,2026-04-30T21:17:54,0.6536,high,,,,
SAS @ POR,04/30/2026,unknown,Portland Trail Blazers,San Antonio Spurs,0.292,2026-04-30T21:17:54,0.708,high,,,,
OKC @ PHX,05/01/2026,unknown,Phoenix Suns,Oklahoma City Thunder,0.2049,2026-04-30T21:17:54,0.7951,high,,,,
PHI @ BOS,05/02/2026,00:00 ET,Boston Celtics,Philadelphia 76ers,0.751,2026-04-30T21:19:48,0.751,high,,,,
NYK @ ATL,04/30/2026,19:00 ET,Atlanta Hawks,New York Knicks,0.5808,2026-04-30T21:19:48,0.5808,medium,,,,
ATL @ NYK,05/02/2026,00:00 ET,New York Knicks,Atlanta Hawks,0.5247,2026-04-30T21:19:48,0.5247,low,,,,
CLE @ TOR,05/01/2026,19:30 ET,Toronto Raptors,Cleveland Cavaliers,0.5236,2026-04-30T21:19:48,0.5236,low,,,,
LAL @ HOU,05/01/2026,21:30 ET,Houston Rockets,Los Angeles Lakers,0.4701,2026-04-30T21:19:48,0.5299,low,,,,
DEN @ MIN,04/30/2026,21:30 ET,Minnesota Timberwolves,Denver Nuggets,0.4163,2026-04-30T21:19:48,0.5837,medium,,,,
DET @ ORL,05/01/2026,19:00 ET,Orlando Magic,Detroit Pistons,0.3703,2026-04-30T21:19:48,0.6297,medium,,,,
BOS @ PHI,04/30/2026,20:00 ET,Philadelphia 76ers,Boston Celtics,0.3464,2026-04-30T21:19:48,0.6536,high,,,,
SAS @ POR,04/30/2026,unknown,Portland Trail Blazers,San Antonio Spurs,0.292,2026-04-30T21:19:48,0.708,high,,,,
OKC @ PHX,05/01/2026,unknown,Phoenix Suns,Oklahoma City Thunder,0.2049,2026-04-30T21:19:48,0.7951,high,,,,
PHI @ BOS,05/02/2026,00:00 ET,Boston Celtics,Philadelphia 76ers,0.751,2026-04-30T21:29:51,0.751,high,,,,
NYK @ ATL,04/30/2026,19:00 ET,Atlanta Hawks,New York Knicks,0.5808,2026-04-30T21:29:51,0.5808,medium,,,,
ATL @ NYK,05/02/2026,00:00 ET,New York Knicks,Atlanta Hawks,0.5247,2026-04-30T21:29:51,0.5247,low,,,,
CLE @ TOR,05/01/2026,19:30 ET,Toronto Raptors,Cleveland Cavaliers,0.5236,2026-04-30T21:29:51,0.5236,low,,,,
LAL @ HOU,05/01/2026,21:30 ET,Houston Rockets,Los Angeles Lakers,0.4701,2026-04-30T21:29:51,0.5299,low,,,,
DEN @ MIN,04/30/2026,21:30 ET,Minnesota Timberwolves,Denver Nuggets,0.4163,2026-04-30T21:29:51,0.5837,medium,,,,
DET @ ORL,05/01/2026,19:00 ET,Orlando Magic,Detroit Pistons,0.3703,2026-04-30T21:29:51,0.6297,medium,,,,
BOS @ PHI,04/30/2026,20:00 ET,Philadelphia 76ers,Boston Celtics,0.3464,2026-04-30T21:29:51,0.6536,high,,,,
SAS @ POR,04/30/2026,TBD,Portland Trail Blazers,San Antonio Spurs,0.292,2026-04-30T21:29:51,0.708,high,,,,
OKC @ PHX,05/01/2026,TBD,Phoenix Suns,Oklahoma City Thunder,0.2049,2026-04-30T21:29:51,0.7951,high,,,,
PHI @ BOS,05/02/2026,00:00 ET,Boston Celtics,Philadelphia 76ers,0.751,2026-04-30T21:35:30,0.751,high,,,,
NYK @ ATL,04/30/2026,TBD,Atlanta Hawks,New York Knicks,0.5808,2026-04-30T21:35:30,0.5808,medium,,,,
ATL @ NYK,05/02/2026,00:00 ET,New York Knicks,Atlanta Hawks,0.5247,2026-04-30T21:35:30,0.5247,low,,,,
CLE @ TOR,05/01/2026,19:30 ET,Toronto Raptors,Cleveland Cavaliers,0.5236,2026-04-30T21:35:30,0.5236,low,,,,
LAL @ HOU,05/01/2026,21:30 ET,Houston Rockets,Los Angeles Lakers,0.4701,2026-04-30T21:35:30,0.5299,low,,,,
DEN @ MIN,04/30/2026,TBD,Minnesota Timberwolves,Denver Nuggets,0.4163,2026-04-30T21:35:30,0.5837,medium,,,,
DET @ ORL,05/01/2026,19:00 ET,Orlando Magic,Detroit Pistons,0.3703,2026-04-30T21:35:30,0.6297,medium,,,,
BOS @ PHI,04/30/2026,TBD,Philadelphia 76ers,Boston Celtics,0.3464,2026-04-30T21:35:30,0.6536,high,,,,
SAS @ POR,04/30/2026,TBD,Portland Trail Blazers,San Antonio Spurs,0.292,2026-04-30T21:35:30,0.708,high,,,,
OKC @ PHX,05/01/2026,TBD,Phoenix Suns,Oklahoma City Thunder,0.2049,2026-04-30T21:35:30,0.7951,high,,,,
PHI @ BOS,05/02/2026,00:00 ET,Boston Celtics,Philadelphia 76ers,0.751,2026-04-30T21:38:55,0.751,high,,,,
NYK @ ATL,04/30/2026,19:00 ET,Atlanta Hawks,New York Knicks,0.5808,2026-04-30T21:38:55,0.5808,medium,,,,
ATL @ NYK,05/02/2026,00:00 ET,New York Knicks,Atlanta Hawks,0.5247,2026-04-30T21:38:55,0.5247,low,,,,
CLE @ TOR,05/01/2026,19:30 ET,Toronto Raptors,Cleveland Cavaliers,0.5236,2026-04-30T21:38:55,0.5236,low,,,,
LAL @ HOU,05/01/2026,21:30 ET,Houston Rockets,Los Angeles Lakers,0.4701,2026-04-30T21:38:55,0.5299,low,,,,
DEN @ MIN,04/30/2026,21:30 ET,Minnesota Timberwolves,Denver Nuggets,0.4163,2026-04-30T21:38:55,0.5837,medium,,,,
DET @ ORL,05/01/2026,19:00 ET,Orlando Magic,Detroit Pistons,0.3703,2026-04-30T21:38:55,0.6297,medium,,,,
BOS @ PHI,04/30/2026,20:00 ET,Philadelphia 76ers,Boston Celtics,0.3464,2026-04-30T21:38:55,0.6536,high,,,,
SAS @ POR,04/30/2026,TBD,Portland Trail Blazers,San Antonio Spurs,0.292,2026-04-30T21:38:55,0.708,high,,,,
OKC @ PHX,05/01/2026,TBD,Phoenix Suns,Oklahoma City Thunder,0.2049,2026-04-30T21:38:55,0.7951,high,,,,
POR @ SAS,05/02/2026,TBD,San Antonio Spurs,Portland Trail Blazers,0.7656,2026-04-30T21:41:27,0.7656,high,,,,
PHI @ BOS,05/02/2026,00:00 ET,Boston Celtics,Philadelphia 76ers,0.751,2026-04-30T21:41:27,0.751,high,,,,
MIN @ DEN,05/02/2026,00:00 ET,Denver Nuggets,Minnesota Timberwolves,0.6585,2026-04-30T21:41:27,0.6585,high,,,,
NYK @ ATL,04/30/2026,19:00 ET,Atlanta Hawks,New York Knicks,0.5808,2026-04-30T21:41:27,0.5808,medium,,,,
ATL @ NYK,05/02/2026,00:00 ET,New York Knicks,Atlanta Hawks,0.5247,2026-04-30T21:41:27,0.5247,low,,,,
CLE @ TOR,05/01/2026,19:30 ET,Toronto Raptors,Cleveland Cavaliers,0.5236,2026-04-30T21:41:27,0.5236,low,,,,
LAL @ HOU,05/01/2026,21:30 ET,Houston Rockets,Los Angeles Lakers,0.4701,2026-04-30T21:41:27,0.5299,low,,,,
DEN @ MIN,04/30/2026,21:30 ET,Minnesota Timberwolves,Denver Nuggets,0.4163,2026-04-30T21:41:27,0.5837,medium,,,,
DET @ ORL,05/01/2026,19:00 ET,Orlando Magic,Detroit Pistons,0.3703,2026-04-30T21:41:27,0.6297,medium,,,,
BOS @ PHI,04/30/2026,20:00 ET,Philadelphia 76ers,Boston Celtics,0.3464,2026-04-30T21:41:27,0.6536,high,,,,
SAS @ POR,04/30/2026,TBD,Portland Trail Blazers,San Antonio Spurs,0.292,2026-04-30T21:41:27,0.708,high,,,,
OKC @ PHX,05/01/2026,TBD,Phoenix Suns,Oklahoma City Thunder,0.2049,2026-04-30T21:41:27,0.7951,high,,,,
PHI @ BOS,05/02/2026,00:00 ET,Boston Celtics,Philadelphia 76ers,0.751,2026-04-30T21:57:18,0.751,high,,,,
NYK @ ATL,04/30/2026,19:00 ET,Atlanta Hawks,New York Knicks,0.5808,2026-04-30T21:57:18,0.5808,medium,,,,
ATL @ NYK,05/02/2026,00:00 ET,New York Knicks,Atlanta Hawks,0.5247,2026-04-30T21:57:18,0.5247,low,,,,
CLE @ TOR,05/01/2026,19:30 ET,Toronto Raptors,Cleveland Cavaliers,0.5236,2026-04-30T21:57:18,0.5236,low,,,,
LAL @ HOU,05/01/2026,21:30 ET,Houston Rockets,Los Angeles Lakers,0.4701,2026-04-30T21:57:18,0.5299,low,,,,
DEN @ MIN,04/30/2026,21:30 ET,Minnesota Timberwolves,Denver Nuggets,0.4163,2026-04-30T21:57:18,0.5837,medium,,,,
DET @ ORL,05/01/2026,19:00 ET,Orlando Magic,Detroit Pistons,0.3703,2026-04-30T21:57:18,0.6297,medium,,,,
BOS @ PHI,04/30/2026,20:00 ET,Philadelphia 76ers,Boston Celtics,0.3464,2026-04-30T21:57:18,0.6536,high,,,,
SAS @ POR,04/30/2026,TBD,Portland Trail Blazers,San Antonio Spurs,0.292,2026-04-30T21:57:18,0.708,high,,,,
OKC @ PHX,05/01/2026,TBD,Phoenix Suns,Oklahoma City Thunder,0.2049,2026-04-30T21:57:18,0.7951,high,,,,
PHX @ OKC,05/03/2026,TBD,Oklahoma City Thunder,Phoenix Suns,0.8376,2026-04-30T21:58:10,0.8376,high,,,,
POR @ SAS,05/02/2026,TBD,San Antonio Spurs,Portland Trail Blazers,0.7656,2026-04-30T21:58:10,0.7656,high,,,,
PHI @ BOS,05/02/2026,00:00 ET,Boston Celtics,Philadelphia 76ers,0.751,2026-04-30T21:58:10,0.751,high,,,,
ORL @ DET,05/03/2026,00:00 ET,Detroit Pistons,Orlando Magic,0.6858,2026-04-30T21:58:10,0.6858,high,,,,
MIN @ DEN,05/02/2026,00:00 ET,Denver Nuggets,Minnesota Timberwolves,0.6585,2026-04-30T21:58:10,0.6585,high,,,,
HOU @ LAL,05/03/2026,00:00 ET,Los Angeles Lakers,Houston Rockets,0.5859,2026-04-30T21:58:10,0.5859,medium,,,,
NYK @ ATL,04/30/2026,19:00 ET,Atlanta Hawks,New York Knicks,0.5808,2026-04-30T21:58:10,0.5808,medium,,,,
ATL @ NYK,05/02/2026,00:00 ET,New York Knicks,Atlanta Hawks,0.5247,2026-04-30T21:58:10,0.5247,low,,,,
CLE @ TOR,05/01/2026,19:30 ET,Toronto Raptors,Cleveland Cavaliers,0.5236,2026-04-30T21:58:10,0.5236,low,,,,
TOR @ CLE,05/03/2026,00:00 ET,Cleveland Cavaliers,Toronto Raptors,0.4949,2026-04-30T21:58:10,0.5051,low,,,,
LAL @ HOU,05/01/2026,21:30 ET,Houston Rockets,Los Angeles Lakers,0.4701,2026-04-30T21:58:10,0.5299,low,,,,
DEN @ MIN,04/30/2026,21:30 ET,Minnesota Timberwolves,Denver Nuggets,0.4163,2026-04-30T21:58:10,0.5837,medium,,,,
DET @ ORL,05/01/2026,19:00 ET,Orlando Magic,Detroit Pistons,0.3703,2026-04-30T21:58:10,0.6297,medium,,,,
BOS @ PHI,04/30/2026,20:00 ET,Philadelphia 76ers,Boston Celtics,0.3464,2026-04-30T21:58:10,0.6536,high,,,,
SAS @ POR,04/30/2026,TBD,Portland Trail Blazers,San Antonio Spurs,0.292,2026-04-30T21:58:10,0.708,high,,,,
OKC @ PHX,05/01/2026,TBD,Phoenix Suns,Oklahoma City Thunder,0.2049,2026-04-30T21:58:10,0.7951,high,,,,
PHI @ BOS,05/02/2026,00:00 ET,Boston Celtics,Philadelphia 76ers,0.751,2026-04-30T22:07:30,0.751,high,,,,
NYK @ ATL,04/30/2026,19:00 ET,Atlanta Hawks,New York Knicks,0.5808,2026-04-30T22:07:30,0.5808,medium,,,,
ATL @ NYK,05/02/2026,00:00 ET,New York Knicks,Atlanta Hawks,0.5247,2026-04-30T22:07:30,0.5247,low,,,,
CLE @ TOR,05/01/2026,19:30 ET,Toronto Raptors,Cleveland Cavaliers,0.5236,2026-04-30T22:07:30,0.5236,low,,,,
LAL @ HOU,05/01/2026,21:30 ET,Houston Rockets,Los Angeles Lakers,0.4701,2026-04-30T22:07:30,0.5299,low,,,,
DEN @ MIN,04/30/2026,21:30 ET,Minnesota Timberwolves,Denver Nuggets,0.4163,2026-04-30T22:07:30,0.5837,medium,,,,
DET @ ORL,05/01/2026,19:00 ET,Orlando Magic,Detroit Pistons,0.3703,2026-04-30T22:07:30,0.6297,medium,,,,
BOS @ PHI,04/30/2026,20:00 ET,Philadelphia 76ers,Boston Celtics,0.3464,2026-04-30T22:07:30,0.6536,high,,,,
SAS @ POR,04/30/2026,TBD,Portland Trail Blazers,San Antonio Spurs,0.292,2026-04-30T22:07:30,0.708,high,,,,
OKC @ PHX,05/01/2026,TBD,Phoenix Suns,Oklahoma City Thunder,0.2049,2026-04-30T22:07:30,0.7951,high,,,,
PHX @ OKC,05/03/2026,TBD,Oklahoma City Thunder,Phoenix Suns,0.8376,2026-04-30T22:08:43,0.8376,high,,,,
POR @ SAS,05/02/2026,TBD,San Antonio Spurs,Portland Trail Blazers,0.7656,2026-04-30T22:08:43,0.7656,high,,,,
PHI @ BOS,05/02/2026,00:00 ET,Boston Celtics,Philadelphia 76ers,0.751,2026-04-30T22:08:43,0.751,high,,,,
ORL @ DET,05/03/2026,00:00 ET,Detroit Pistons,Orlando Magic,0.6858,2026-04-30T22:08:43,0.6858,high,,,,
MIN @ DEN,05/02/2026,00:00 ET,Denver Nuggets,Minnesota Timberwolves,0.6585,2026-04-30T22:08:43,0.6585,high,,,,
HOU @ LAL,05/03/2026,00:00 ET,Los Angeles Lakers,Houston Rockets,0.5859,2026-04-30T22:08:43,0.5859,medium,,,,
ATL @ NYK,05/02/2026,00:00 ET,New York Knicks,Atlanta Hawks,0.5247,2026-04-30T22:08:43,0.5247,low,,,,
CLE @ TOR,05/01/2026,TBD,Toronto Raptors,Cleveland Cavaliers,0.5236,2026-04-30T22:08:43,0.5236,low,,,,
TOR @ CLE,05/03/2026,00:00 ET,Cleveland Cavaliers,Toronto Raptors,0.4949,2026-04-30T22:08:43,0.5051,low,,,,
LAL @ HOU,05/01/2026,TBD,Houston Rockets,Los Angeles Lakers,0.4701,2026-04-30T22:08:43,0.5299,low,,,,
DET @ ORL,05/01/2026,TBD,Orlando Magic,Detroit Pistons,0.3703,2026-04-30T22:08:43,0.6297,medium,,,,
OKC @ PHX,05/01/2026,TBD,Phoenix Suns,Oklahoma City Thunder,0.2049,2026-04-30T22:08:43,0.7951,high,,,,
NYK @ ATL,04/30/2026,19:00 ET,Atlanta Hawks,New York Knicks,0.5778,2026-04-30T23:34:46,0.5778,medium,,,,
DEN @ MIN,04/30/2026,21:30 ET,Minnesota Timberwolves,Denver Nuggets,0.4447,2026-04-30T23:34:46,0.5553,medium,,,,
DET @ ORL,05/01/2026,19:00 ET,Orlando Magic,Detroit Pistons,0.3574,2026-04-30T23:34:46,0.6426,medium,,,,
BOS @ PHI,04/30/2026,20:00 ET,Philadelphia 76ers,Boston Celtics,0.3554,2026-04-30T23:34:46,0.6446,medium,,,,
SAS @ POR,04/30/2026,TBD,Portland Trail Blazers,San Antonio Spurs,0.2988,2026-04-30T23:34:46,0.7012,high,,,,
NYK @ ATL,04/30/2026,19:00 ET,Atlanta Hawks,New York Knicks,0.5778,2026-04-30T23:52:29,0.5778,medium,,,,
DEN @ MIN,04/30/2026,21:30 ET,Minnesota Timberwolves,Denver Nuggets,0.4447,2026-04-30T23:52:29,0.5553,medium,,,,
DET @ ORL,05/01/2026,19:00 ET,Orlando Magic,Detroit Pistons,0.3574,2026-04-30T23:52:29,0.6426,medium,,,,
BOS @ PHI,04/30/2026,20:00 ET,Philadelphia 76ers,Boston Celtics,0.3554,2026-04-30T23:52:29,0.6446,medium,,,,
SAS @ POR,04/30/2026,TBD,Portland Trail Blazers,San Antonio Spurs,0.2988,2026-04-30T23:52:29,0.7012,high,,,,
NYK @ ATL,04/30/2026,19:00 ET,Atlanta Hawks,New York Knicks,0.5778,2026-04-30T23:58:57,0.5778,medium,,,,
DEN @ MIN,04/30/2026,21:30 ET,Minnesota Timberwolves,Denver Nuggets,0.4447,2026-04-30T23:58:57,0.5553,medium,,,,
DET @ ORL,05/01/2026,19:00 ET,Orlando Magic,Detroit Pistons,0.3574,2026-04-30T23:58:57,0.6426,medium,,,,
BOS @ PHI,04/30/2026,20:00 ET,Philadelphia 76ers,Boston Celtics,0.3554,2026-04-30T23:58:57,0.6446,medium,,,,
SAS @ POR,04/30/2026,TBD,Portland Trail Blazers,San Antonio Spurs,0.2988,2026-04-30T23:58:57,0.7012,high,,,,
PHI @ BOS,05/02/2026,unknown,BOS,PHI,0.7946349996820542,2026-05-01T00:36:40,,,105.1,109.6,,
CLE @ TOR,05/01/2026,unknown,TOR,CLE,0.6370351741176313,2026-05-01T00:36:40,,,112.1,103.1,,
LAL @ HOU,05/01/2026,unknown,HOU,LAL,0.5917699158643717,2026-05-01T00:36:40,,,117.1,98.2,,
DET @ ORL,05/01/2026,unknown,ORL,DET,0.5070461831972909,2026-05-01T00:36:40,,,112.8,113.6,,
OKC @ PHX,05/01/2026,unknown,PHX,OKC,0.2565603354749863,2026-05-01T00:36:40,,,118.3,128.7,,
PHI @ BOS,05/02/2026,00:00 ET,Boston Celtics,Philadelphia 76ers,0.7946,2026-05-01T00:37:05,0.7946,high,105.1,109.6,,
CLE @ TOR,05/01/2026,19:30 ET,Toronto Raptors,Cleveland Cavaliers,0.637,2026-05-01T00:37:05,0.637,medium,112.1,103.1,,
LAL @ HOU,05/01/2026,21:30 ET,Houston Rockets,Los Angeles Lakers,0.5918,2026-05-01T00:37:05,0.5918,medium,117.1,98.2,,
DET @ ORL,05/01/2026,19:00 ET,Orlando Magic,Detroit Pistons,0.507,2026-05-01T00:37:05,0.507,low,112.8,113.6,,
OKC @ PHX,05/01/2026,TBD,Phoenix Suns,Oklahoma City Thunder,0.2566,2026-05-01T00:37:05,0.7434,high,118.3,128.7,,
PHI @ BOS,05/02/2026,TBD,Boston Celtics,Philadelphia 76ers,0.7946,2026-05-01T00:48:23,0.7946,high,105.1,109.6,,
CLE @ TOR,05/01/2026,TBD,Toronto Raptors,Cleveland Cavaliers,0.637,2026-05-01T00:48:23,0.637,medium,112.1,103.1,,
LAL @ HOU,05/01/2026,TBD,Houston Rockets,Los Angeles Lakers,0.5918,2026-05-01T00:48:23,0.5918,medium,117.1,98.2,,
DET @ ORL,05/01/2026,TBD,Orlando Magic,Detroit Pistons,0.507,2026-05-01T00:48:23,0.507,low,112.8,113.6,,
OKC @ PHX,05/01/2026,TBD,Phoenix Suns,Oklahoma City Thunder,0.2566,2026-05-01T00:48:23,0.7434,high,118.3,128.7,,
PHI @ BOS,05/02/2026,unknown,BOS,PHI,0.7946349996820542,2026-05-01T00:51:30,,,105.1,109.6,,
CLE @ TOR,05/01/2026,unknown,TOR,CLE,0.6370351741176313,2026-05-01T00:51:30,,,112.1,103.1,,
LAL @ HOU,05/01/2026,unknown,HOU,LAL,0.5917699158643717,2026-05-01T00:51:30,,,117.1,98.2,,
DET @ ORL,05/01/2026,unknown,ORL,DET,0.5070461831972909,2026-05-01T00:51:30,,,112.8,113.6,,
OKC @ PHX,05/01/2026,unknown,PHX,OKC,0.2565603354749863,2026-05-01T00:51:30,,,118.3,128.7,,
PHI @ BOS,05/02/2026,TBD,Boston Celtics,Philadelphia 76ers,0.7946,2026-05-01T00:56:27,0.7946,high,105.1,109.6,,
CLE @ TOR,05/01/2026,TBD,Toronto Raptors,Cleveland Cavaliers,0.637,2026-05-01T00:56:27,0.637,medium,112.1,103.1,,
LAL @ HOU,05/01/2026,TBD,Houston Rockets,Los Angeles Lakers,0.5918,2026-05-01T00:56:27,0.5918,medium,117.1,98.2,,
DET @ ORL,05/01/2026,TBD,Orlando Magic,Detroit Pistons,0.507,2026-05-01T00:56:27,0.507,low,112.8,113.6,,
OKC @ PHX,05/01/2026,TBD,Phoenix Suns,Oklahoma City Thunder,0.2566,2026-05-01T00:56:27,0.7434,high,118.3,128.7,,
PHI @ BOS,05/02/2026,unknown,BOS,PHI,0.7946349996820542,2026-05-01T00:56:57,,,105.1,109.6,,
CLE @ TOR,05/01/2026,unknown,TOR,CLE,0.6370351741176313,2026-05-01T00:56:57,,,112.1,103.1,,
LAL @ HOU,05/01/2026,unknown,HOU,LAL,0.5917699158643717,2026-05-01T00:56:57,,,117.1,98.2,,
DET @ ORL,05/01/2026,unknown,ORL,DET,0.5070461831972909,2026-05-01T00:56:57,,,112.8,113.6,,
OKC @ PHX,05/01/2026,unknown,PHX,OKC,0.2565603354749863,2026-05-01T00:56:57,,,118.3,128.7,,
PHI @ BOS,05/02/2026,TBD,Boston Celtics,Philadelphia 76ers,0.7946,2026-05-01T01:01:27,0.7946,high,105.1,109.6,,
CLE @ TOR,05/01/2026,TBD,Toronto Raptors,Cleveland Cavaliers,0.637,2026-05-01T01:01:27,0.637,medium,112.1,103.1,,
LAL @ HOU,05/01/2026,TBD,Houston Rockets,Los Angeles Lakers,0.5918,2026-05-01T01:01:27,0.5918,medium,117.1,98.2,,
DET @ ORL,05/01/2026,TBD,Orlando Magic,Detroit Pistons,0.507,2026-05-01T01:01:27,0.507,low,112.8,113.6,,
OKC @ PHX,05/01/2026,TBD,Phoenix Suns,Oklahoma City Thunder,0.2566,2026-05-01T01:01:27,0.7434,high,118.3,128.7,,
PHI @ BOS,05/02/2026,unknown,BOS,PHI,0.7946349996820542,2026-05-01T01:02:15,,,105.1,109.6,,
CLE @ TOR,05/01/2026,unknown,TOR,CLE,0.6370351741176313,2026-05-01T01:02:15,,,112.1,103.1,,
LAL @ HOU,05/01/2026,unknown,HOU,LAL,0.5917699158643717,2026-05-01T01:02:15,,,117.1,98.2,,
DET @ ORL,05/01/2026,unknown,ORL,DET,0.5070461831972909,2026-05-01T01:02:15,,,112.8,113.6,,
OKC @ PHX,05/01/2026,unknown,PHX,OKC,0.2565603354749863,2026-05-01T01:02:15,,,118.3,128.7,,
PHI @ BOS,05/02/2026,04:00 UTC,BOS,PHI,0.7946349996820542,2026-05-01T01:10:00,,,105.1,109.6,,
CLE @ TOR,05/01/2026,19:30 ET,TOR,CLE,0.6370351741176313,2026-05-01T01:10:00,,,112.1,103.1,,
ATL @ NYK,05/02/2026,04:00 UTC,NYK,ATL,0.6303769047492092,2026-05-01T01:10:00,,,122.9,104.0,,
LAL @ HOU,05/01/2026,21:30 ET,HOU,LAL,0.5917699158643717,2026-05-01T01:10:00,,,117.1,98.2,,
DET @ ORL,05/01/2026,19:00 ET,ORL,DET,0.5070461831972909,2026-05-01T01:10:00,,,112.8,113.6,,
PHI @ BOS,05/02/2026,04:00 UTC,Boston Celtics,Philadelphia 76ers,0.7946,2026-05-01T01:10:27,0.7946,high,105.1,109.6,,
CLE @ TOR,05/01/2026,19:30 ET,Toronto Raptors,Cleveland Cavaliers,0.637,2026-05-01T01:10:27,0.637,medium,112.1,103.1,,
ATL @ NYK,05/02/2026,04:00 UTC,New York Knicks,Atlanta Hawks,0.6304,2026-05-01T01:10:27,0.6304,medium,122.9,104.0,,
LAL @ HOU,05/01/2026,21:30 ET,Houston Rockets,Los Angeles Lakers,0.5918,2026-05-01T01:10:27,0.5918,medium,117.1,98.2,,
DET @ ORL,05/01/2026,19:00 ET,Orlando Magic,Detroit Pistons,0.507,2026-05-01T01:10:27,0.507,low,112.8,113.6,,
PHI @ BOS,05/02/2026,04:00 UTC,Boston Celtics,Philadelphia 76ers,0.7946,2026-05-01T01:22:27,0.7946,high,105.1,109.6,,
CLE @ TOR,05/01/2026,19:30 ET,Toronto Raptors,Cleveland Cavaliers,0.637,2026-05-01T01:22:27,0.637,medium,112.1,103.1,,
ATL @ NYK,05/02/2026,04:00 UTC,New York Knicks,Atlanta Hawks,0.6304,2026-05-01T01:22:27,0.6304,medium,122.9,104.0,,
LAL @ HOU,05/01/2026,21:30 ET,Houston Rockets,Los Angeles Lakers,0.5918,2026-05-01T01:22:27,0.5918,medium,117.1,98.2,,
DET @ ORL,05/01/2026,19:00 ET,Orlando Magic,Detroit Pistons,0.507,2026-05-01T01:22:27,0.507,low,112.8,113.6,,
PHI @ BOS,05/02/2026,,Boston Celtics,Philadelphia 76ers,0.7946,2026-05-01T01:29:18,0.7946,high,105.1,109.6,2026-05-02T04:00:00+00:00,
CLE @ TOR,05/01/2026,,Toronto Raptors,Cleveland Cavaliers,0.637,2026-05-01T01:29:18,0.637,medium,112.1,103.1,2026-05-01T23:30:00+00:00,
ATL @ NYK,05/02/2026,,New York Knicks,Atlanta Hawks,0.6304,2026-05-01T01:29:18,0.6304,medium,122.9,104.0,2026-05-02T04:00:00+00:00,
LAL @ HOU,05/01/2026,,Houston Rockets,Los Angeles Lakers,0.5918,2026-05-01T01:29:18,0.5918,medium,117.1,98.2,2026-05-02T01:30:00+00:00,
DET @ ORL,05/01/2026,,Orlando Magic,Detroit Pistons,0.507,2026-05-01T01:29:18,0.507,low,112.8,113.6,2026-05-01T23:00:00+00:00,
PHI @ BOS,05/02/2026,,Boston Celtics,Philadelphia 76ers,0.7946,2026-05-01T01:30:38,0.7946,high,105.1,109.6,2026-05-02T04:00:00+00:00,
CLE @ TOR,05/01/2026,,Toronto Raptors,Cleveland Cavaliers,0.637,2026-05-01T01:30:38,0.637,medium,112.1,103.1,2026-05-01T23:30:00+00:00,
ATL @ NYK,05/02/2026,,New York Knicks,Atlanta Hawks,0.6304,2026-05-01T01:30:38,0.6304,medium,122.9,104.0,2026-05-02T04:00:00+00:00,
LAL @ HOU,05/01/2026,,Houston Rockets,Los Angeles Lakers,0.5918,2026-05-01T01:30:38,0.5918,medium,117.1,98.2,2026-05-02T01:30:00+00:00,
DET @ ORL,05/01/2026,,Orlando Magic,Detroit Pistons,0.507,2026-05-01T01:30:38,0.507,low,112.8,113.6,2026-05-01T23:00:00+00:00,
PHI @ BOS,05/02/2026,,Boston Celtics,Philadelphia 76ers,0.7946,2026-05-01T01:33:50,0.7946,high,105.1,109.6,2026-05-02T04:00:00+00:00,
CLE @ TOR,05/01/2026,,Toronto Raptors,Cleveland Cavaliers,0.637,2026-05-01T01:33:50,0.637,medium,112.1,103.1,2026-05-01T23:30:00+00:00,
ATL @ NYK,05/02/2026,,New York Knicks,Atlanta Hawks,0.6304,2026-05-01T01:33:50,0.6304,medium,122.9,104.0,2026-05-02T04:00:00+00:00,
LAL @ HOU,05/01/2026,,Houston Rockets,Los Angeles Lakers,0.5918,2026-05-01T01:33:50,0.5918,medium,117.1,98.2,2026-05-02T01:30:00+00:00,
DET @ ORL,05/01/2026,,Orlando Magic,Detroit Pistons,0.507,2026-05-01T01:33:50,0.507,low,112.8,113.6,2026-05-01T23:00:00+00:00,
PHI @ BOS,05/02/2026,,Boston Celtics,Philadelphia 76ers,0.7946,2026-05-01T01:34:26,0.7946,high,105.1,109.6,2026-05-02T04:00:00+00:00,
CLE @ TOR,05/01/2026,,Toronto Raptors,Cleveland Cavaliers,0.637,2026-05-01T01:34:26,0.637,medium,112.1,103.1,2026-05-01T23:30:00+00:00,
ATL @ NYK,05/02/2026,,New York Knicks,Atlanta Hawks,0.6304,2026-05-01T01:34:26,0.6304,medium,122.9,104.0,2026-05-02T04:00:00+00:00,
LAL @ HOU,05/01/2026,,Houston Rockets,Los Angeles Lakers,0.5918,2026-05-01T01:34:26,0.5918,medium,117.1,98.2,2026-05-02T01:30:00+00:00,
DET @ ORL,05/01/2026,,Orlando Magic,Detroit Pistons,0.507,2026-05-01T01:34:26,0.507,low,112.8,113.6,2026-05-01T23:00:00+00:00,
PHI @ BOS,05/02/2026,,Boston Celtics,Philadelphia 76ers,0.7946,2026-05-01T01:34:36,0.7946,high,105.1,109.6,2026-05-02T04:00:00+00:00,
CLE @ TOR,05/01/2026,,Toronto Raptors,Cleveland Cavaliers,0.637,2026-05-01T01:34:36,0.637,medium,112.1,103.1,2026-05-01T23:30:00+00:00,
ATL @ NYK,05/02/2026,,New York Knicks,Atlanta Hawks,0.6304,2026-05-01T01:34:36,0.6304,medium,122.9,104.0,2026-05-02T04:00:00+00:00,
LAL @ HOU,05/01/2026,,Houston Rockets,Los Angeles Lakers,0.5918,2026-05-01T01:34:36,0.5918,medium,117.1,98.2,2026-05-02T01:30:00+00:00,
DET @ ORL,05/01/2026,,Orlando Magic,Detroit Pistons,0.507,2026-05-01T01:34:36,0.507,low,112.8,113.6,2026-05-01T23:00:00+00:00,
PHI @ BOS,05/02/2026,,Boston Celtics,Philadelphia 76ers,0.7946,2026-05-01T01:38:00,0.7946,high,105.1,109.6,2026-05-02T04:00:00+00:00,
CLE @ TOR,05/01/2026,,Toronto Raptors,Cleveland Cavaliers,0.637,2026-05-01T01:38:00,0.637,medium,112.1,103.1,2026-05-01T23:30:00+00:00,
ATL @ NYK,05/02/2026,,New York Knicks,Atlanta Hawks,0.6304,2026-05-01T01:38:00,0.6304,medium,122.9,104.0,2026-05-02T04:00:00+00:00,
LAL @ HOU,05/01/2026,,Houston Rockets,Los Angeles Lakers,0.5918,2026-05-01T01:38:00,0.5918,medium,117.1,98.2,2026-05-02T01:30:00+00:00,
DET @ ORL,05/01/2026,,Orlando Magic,Detroit Pistons,0.507,2026-05-01T01:38:00,0.507,low,112.8,113.6,2026-05-01T23:00:00+00:00,
PHI @ BOS,05/02/2026,,Boston Celtics,Philadelphia 76ers,0.7946,2026-05-01T01:38:59,0.7946,high,105.1,109.6,2026-05-02T04:00:00+00:00,
CLE @ TOR,05/01/2026,,Toronto Raptors,Cleveland Cavaliers,0.637,2026-05-01T01:38:59,0.637,medium,112.1,103.1,2026-05-01T23:30:00+00:00,
ATL @ NYK,05/02/2026,,New York Knicks,Atlanta Hawks,0.6304,2026-05-01T01:38:59,0.6304,medium,122.9,104.0,2026-05-02T04:00:00+00:00,
LAL @ HOU,05/01/2026,,Houston Rockets,Los Angeles Lakers,0.5918,2026-05-01T01:38:59,0.5918,medium,117.1,98.2,2026-05-02T01:30:00+00:00,
DET @ ORL,05/01/2026,,Orlando Magic,Detroit Pistons,0.507,2026-05-01T01:38:59,0.507,low,112.8,113.6,2026-05-01T23:00:00+00:00,
PHI @ BOS,05/02/2026,,Boston Celtics,Philadelphia 76ers,0.7946,2026-05-01T01:39:09,0.7946,high,105.1,109.6,2026-05-02T04:00:00+00:00,
CLE @ TOR,05/01/2026,,Toronto Raptors,Cleveland Cavaliers,0.637,2026-05-01T01:39:09,0.637,medium,112.1,103.1,2026-05-01T23:30:00+00:00,
ATL @ NYK,05/02/2026,,New York Knicks,Atlanta Hawks,0.6304,2026-05-01T01:39:09,0.6304,medium,122.9,104.0,2026-05-02T04:00:00+00:00,
LAL @ HOU,05/01/2026,,Houston Rockets,Los Angeles Lakers,0.5918,2026-05-01T01:39:09,0.5918,medium,117.1,98.2,2026-05-02T01:30:00+00:00,
DET @ ORL,05/01/2026,,Orlando Magic,Detroit Pistons,0.507,2026-05-01T01:39:09,0.507,low,112.8,113.6,2026-05-01T23:00:00+00:00,
PHI @ BOS,05/02/2026,,Boston Celtics,Philadelphia 76ers,0.7849,2026-05-01T01:55:33,0.7849,high,105.1,109.6,2026-05-02T04:00:00+00:00,Strength signal tilts toward BOS (pre-game Elo win proxy).
CLE @ TOR,05/01/2026,,Toronto Raptors,Cleveland Cavaliers,0.6311,2026-05-01T01:55:33,0.6311,medium,112.1,103.1,2026-05-01T23:30:00+00:00,Recent form and rest are close; the pick is driven by the blended model rather than one clear edge.
ATL @ NYK,05/02/2026,,New York Knicks,Atlanta Hawks,0.6243,2026-05-01T01:55:33,0.6243,medium,122.9,104.0,2026-05-02T04:00:00+00:00,Strength signal tilts toward NYK (pre-game Elo win proxy).
LAL @ HOU,05/01/2026,,Houston Rockets,Los Angeles Lakers,0.5897,2026-05-01T01:55:33,0.5897,medium,117.1,98.2,2026-05-02T01:30:00+00:00,Recent form and rest are close; the pick is driven by the blended model rather than one clear edge.
DET @ ORL,05/01/2026,,Orlando Magic,Detroit Pistons,0.5049,2026-05-01T01:55:33,0.5049,low,112.8,113.6,2026-05-01T23:00:00+00:00,Recent form and rest are close; the pick is driven by the blended model rather than one clear edge.
PHI @ BOS,05/02/2026,,Boston Celtics,Philadelphia 76ers,0.7849,2026-05-01T08:25:55,0.7849,high,105.1,109.6,2026-05-02T23:30:00+00:00,Strength signal tilts toward BOS (pre-game Elo win proxy).
ORL @ DET,05/03/2026,,Detroit Pistons,Orlando Magic,0.6995,2026-05-01T08:25:55,0.6995,high,113.7,104.9,2026-05-03T04:00:00+00:00,Strength signal tilts toward DET (pre-game Elo win proxy).
CLE @ TOR,05/01/2026,,Toronto Raptors,Cleveland Cavaliers,0.6311,2026-05-01T08:25:55,0.6311,medium,112.1,103.1,2026-05-01T23:30:00+00:00,Recent form and rest are close; the pick is driven by the blended model rather than one clear edge.
LAL @ HOU,05/01/2026,,Houston Rockets,Los Angeles Lakers,0.5897,2026-05-01T08:25:55,0.5897,medium,117.1,98.2,2026-05-02T01:30:00+00:00,Recent form and rest are close; the pick is driven by the blended model rather than one clear edge.
DET @ ORL,05/01/2026,,Orlando Magic,Detroit Pistons,0.5049,2026-05-01T08:25:55,0.5049,low,112.8,113.6,2026-05-01T23:00:00+00:00,Recent form and rest are close; the pick is driven by the blended model rather than one clear edge.
MIN @ SAS,05/04/2026,,San Antonio Spurs,Minnesota Timberwolves,0.7856,2026-05-01T08:40:24,0.7856,high,116.7,104.8,2026-05-04T04:00:00+00:00,MIN comes in with more rest than SAS (day gap). / Strength signal tilts toward SAS (pre-game Elo win proxy).
PHI @ BOS,05/02/2026,,Boston Celtics,Philadelphia 76ers,0.7849,2026-05-01T08:40:24,0.7849,high,105.1,109.6,2026-05-02T23:30:00+00:00,Strength signal tilts toward BOS (pre-game Elo win proxy).
MIN @ SAS,05/06/2026,,San Antonio Spurs,Minnesota Timberwolves,0.7783,2026-05-01T08:40:24,0.7783,high,116.5,105.6,2026-05-06T04:00:00+00:00,MIN comes in with more rest than SAS (day gap). / Strength signal tilts toward SAS (pre-game Elo win proxy).
ORL @ DET,05/03/2026,,Detroit Pistons,Orlando Magic,0.6995,2026-05-01T08:40:24,0.6995,high,113.7,104.9,2026-05-03T04:00:00+00:00,Strength signal tilts toward DET (pre-game Elo win proxy).
CLE @ TOR,05/01/2026,,Toronto Raptors,Cleveland Cavaliers,0.6311,2026-05-01T08:40:24,0.6311,medium,112.1,103.1,2026-05-01T23:30:00+00:00,Recent form and rest are close; the pick is driven by the blended model rather than one clear edge.
LAL @ HOU,05/01/2026,,Houston Rockets,Los Angeles Lakers,0.5897,2026-05-01T08:40:24,0.5897,medium,117.1,98.2,2026-05-02T01:30:00+00:00,Recent form and rest are close; the pick is driven by the blended model rather than one clear edge.
HOU @ LAL,05/03/2026,,Los Angeles Lakers,Houston Rockets,0.5529,2026-05-01T08:40:24,0.5529,medium,103.3,103.1,2026-05-03T04:00:00+00:00,Strength signal tilts toward LAL (pre-game Elo win proxy).
TOR @ CLE,05/03/2026,,Cleveland Cavaliers,Toronto Raptors,0.519,2026-05-01T08:40:24,0.519,low,123.9,113.0,2026-05-03T04:00:00+00:00,Strength signal tilts toward CLE (pre-game Elo win proxy).
DET @ ORL,05/01/2026,,Orlando Magic,Detroit Pistons,0.5049,2026-05-01T08:40:24,0.5049,low,112.8,113.6,2026-05-01T23:00:00+00:00,Recent form and rest are close; the pick is driven by the blended model rather than one clear edge.
SAS @ MIN,05/08/2026,,Minnesota Timberwolves,San Antonio Spurs,0.3896,2026-05-01T08:40:24,0.6104,medium,112.7,120.0,2026-05-08T04:00:00+00:00,Strength signal tilts toward SAS (pre-game Elo win proxy).
MIN @ SAS,05/04/2026,,San Antonio Spurs,Minnesota Timberwolves,0.7877,2026-05-01T10:53:26,0.7877,high,116.7,104.8,2026-05-04T04:00:00+00:00,MIN's recent games have been played at a faster tempo (possession proxy). / MIN comes in with more rest than SAS (day gap). / Strength signal tilts toward SAS (pre-game Elo win proxy). / MIN has lived at the line more often (higher FTA/FGA).
MIN @ SAS,05/12/2026,,San Antonio Spurs,Minnesota Timberwolves,0.784,2026-05-01T10:53:26,0.784,high,116.5,105.6,2026-05-12T04:00:00+00:00,MIN's recent games have been played at a faster tempo (possession proxy). / Strength signal tilts toward SAS (pre-game Elo win proxy). / MIN has lived at the line more often (higher FTA/FGA). / SAS has generated more second chances on the glass recently.
MIN @ SAS,05/06/2026,,San Antonio Spurs,Minnesota Timberwolves,0.7826,2026-05-01T10:53:26,0.7826,high,116.5,105.6,2026-05-06T04:00:00+00:00,MIN's recent games have been played at a faster tempo (possession proxy). / MIN comes in with more rest than SAS (day gap). / Strength signal tilts toward SAS (pre-game Elo win proxy). / MIN has lived at the line more often (higher FTA/FGA).
ORL @ DET,05/03/2026,,Detroit Pistons,Orlando Magic,0.7667,2026-05-01T10:53:26,0.7667,high,113.7,104.9,2026-05-03T04:00:00+00:00,Strength signal tilts toward DET (pre-game Elo win proxy). / DET has been the sharper shooting team recently (rolling eFG%). / ORL has taken better care of the ball lately (lower turnover rate).
PHI @ BOS,05/02/2026,,Boston Celtics,Philadelphia 76ers,0.7281,2026-05-01T10:53:26,0.7281,high,105.1,109.6,2026-05-02T23:30:00+00:00,Strength signal tilts toward BOS (pre-game Elo win proxy). / BOS has generated more second chances on the glass recently. / BOS has been the sharper shooting team recently (rolling eFG%). / BOS has lived at the line more often (higher FTA/FGA).
HOU @ LAL,05/03/2026,,Los Angeles Lakers,Houston Rockets,0.6499,2026-05-01T10:53:26,0.6499,medium,103.3,103.1,2026-05-03T04:00:00+00:00,Strength signal tilts toward LAL (pre-game Elo win proxy). / HOU has generated more second chances on the glass recently. / LAL has been the sharper shooting team recently (rolling eFG%). / HOU has taken better care of the ball lately (lower turnover rate).
CLE @ TOR,05/01/2026,,Toronto Raptors,Cleveland Cavaliers,0.6233,2026-05-01T10:53:26,0.6233,medium,112.1,103.1,2026-05-01T23:30:00+00:00,CLE has generated more second chances on the glass recently. / TOR has lived at the line more often (higher FTA/FGA). / TOR has taken better care of the ball lately (lower turnover rate).
LAL @ HOU,05/01/2026,,Houston Rockets,Los Angeles Lakers,0.5247,2026-05-01T10:53:26,0.5247,low,117.1,98.2,2026-05-02T01:30:00+00:00,HOU has generated more second chances on the glass recently. / LAL has been the sharper shooting team recently (rolling eFG%). / HOU has taken better care of the ball lately (lower turnover rate). / LAL has lived at the line more often (higher FTA/FGA).
DET @ ORL,05/01/2026,,Orlando Magic,Detroit Pistons,0.4874,2026-05-01T10:53:26,0.5126,low,112.8,113.6,2026-05-01T23:00:00+00:00,DET has been the sharper shooting team recently (rolling eFG%). / ORL has taken better care of the ball lately (lower turnover rate).
SAS @ MIN,05/08/2026,,Minnesota Timberwolves,San Antonio Spurs,0.4252,2026-05-01T10:53:26,0.5748,medium,112.7,120.0,2026-05-08T04:00:00+00:00,MIN's recent games have been played at a faster tempo (possession proxy). / Strength signal tilts toward SAS (pre-game Elo win proxy). / MIN has lived at the line more often (higher FTA/FGA). / SAS has generated more second chances on the glass recently.
SAS @ MIN,05/10/2026,,Minnesota Timberwolves,San Antonio Spurs,0.4252,2026-05-01T10:53:26,0.5748,medium,112.7,120.0,2026-05-10T04:00:00+00:00,MIN's recent games have been played at a faster tempo (possession proxy). / Strength signal tilts toward SAS (pre-game Elo win proxy). / MIN has lived at the line more often (higher FTA/FGA). / SAS has generated more second chances on the glass recently.
SAS @ MIN,05/15/2026,,Minnesota Timberwolves,San Antonio Spurs,0.4252,2026-05-01T10:53:26,0.5748,medium,112.7,120.0,2026-05-15T04:00:00+00:00,MIN's recent games have been played at a faster tempo (possession proxy). / Strength signal tilts toward SAS (pre-game Elo win proxy). / MIN has lived at the line more often (higher FTA/FGA). / SAS has generated more second chances on the glass recently.
TOR @ CLE,05/03/2026,,Cleveland Cavaliers,Toronto Raptors,0.3957,2026-05-01T10:53:26,0.6043,medium,123.9,113.0,2026-05-03T04:00:00+00:00,Strength signal tilts toward CLE (pre-game Elo win proxy). / CLE has generated more second chances on the glass recently. / TOR has lived at the line more often (higher FTA/FGA). / TOR has taken better care of the ball lately (lower turnover rate).
MIN @ SAS,05/04/2026,,San Antonio Spurs,Minnesota Timberwolves,0.8224,2026-05-01T11:31:33,0.8224,high,123.4,106.4,2026-05-04T04:00:00+00:00,MIN's recent games have been played at a faster tempo (possession proxy). / SAS comes in with more rest than MIN (day gap). / Strength signal tilts toward SAS (pre-game Elo win proxy). / SAS has generated more second chances on the glass recently.
MIN @ SAS,05/06/2026,,San Antonio Spurs,Minnesota Timberwolves,0.8181,2026-05-01T11:31:33,0.8181,high,122.9,106.4,2026-05-06T04:00:00+00:00,MIN's recent games have been played at a faster tempo (possession proxy). / SAS comes in with more rest than MIN (day gap). / Strength signal tilts toward SAS (pre-game Elo win proxy). / SAS has generated more second chances on the glass recently.
MIN @ SAS,05/12/2026,,San Antonio Spurs,Minnesota Timberwolves,0.8014,2026-05-01T11:31:33,0.8014,high,118.5,105.9,2026-05-12T04:00:00+00:00,MIN's recent games have been played at a faster tempo (possession proxy). / Strength signal tilts toward SAS (pre-game Elo win proxy). / SAS has generated more second chances on the glass recently. / SAS has been the sharper shooting team recently (rolling eFG%).
ORL @ DET,05/03/2026,,Detroit Pistons,Orlando Magic,0.7887,2026-05-01T11:31:33,0.7887,high,113.6,104.7,2026-05-03T04:00:00+00:00,Strength signal tilts toward DET (pre-game Elo win proxy). / DET has been the sharper shooting team recently (rolling eFG%). / ORL has taken better care of the ball lately (lower turnover rate).
PHI @ BOS,05/02/2026,,Boston Celtics,Philadelphia 76ers,0.7286,2026-05-01T11:31:33,0.7286,high,106.3,105.7,2026-05-02T23:30:00+00:00,Strength signal tilts toward BOS (pre-game Elo win proxy). / BOS has generated more second chances on the glass recently. / BOS has been the sharper shooting team recently (rolling eFG%). / PHI has taken better care of the ball lately (lower turnover rate).
HOU @ LAL,05/03/2026,,Los Angeles Lakers,Houston Rockets,0.6426,2026-05-01T11:31:33,0.6426,medium,95.4,98.9,2026-05-03T04:00:00+00:00,Strength signal tilts toward LAL (pre-game Elo win proxy). / HOU has generated more second chances on the glass recently. / LAL has been the sharper shooting team recently (rolling eFG%). / HOU has taken better care of the ball lately (lower turnover rate).
CLE @ TOR,05/01/2026,,Toronto Raptors,Cleveland Cavaliers,0.6364,2026-05-01T11:31:33,0.6364,medium,112.9,107.2,2026-05-01T23:30:00+00:00,CLE has generated more second chances on the glass recently. / TOR has lived at the line more often (higher FTA/FGA). / TOR has taken better care of the ball lately (lower turnover rate).
LAL @ HOU,05/01/2026,,Houston Rockets,Los Angeles Lakers,0.5467,2026-05-01T11:31:33,0.5467,low,103.7,102.1,2026-05-02T01:30:00+00:00,HOU has generated more second chances on the glass recently. / LAL has been the sharper shooting team recently (rolling eFG%). / HOU has taken better care of the ball lately (lower turnover rate). / LAL has lived at the line more often (higher FTA/FGA).
DET @ ORL,05/01/2026,,Orlando Magic,Detroit Pistons,0.481,2026-05-01T11:31:33,0.519,low,110.5,99.2,2026-05-01T23:00:00+00:00,DET has been the sharper shooting team recently (rolling eFG%). / ORL has taken better care of the ball lately (lower turnover rate).
SAS @ MIN,05/10/2026,,Minnesota Timberwolves,San Antonio Spurs,0.4222,2026-05-01T11:31:33,0.5778,medium,112.6,117.4,2026-05-10T04:00:00+00:00,MIN's recent games have been played at a faster tempo (possession proxy). / Strength signal tilts toward SAS (pre-game Elo win proxy). / SAS has generated more second chances on the glass recently. / SAS has been the sharper shooting team recently (rolling eFG%).
SAS @ MIN,05/15/2026,,Minnesota Timberwolves,San Antonio Spurs,0.4222,2026-05-01T11:31:33,0.5778,medium,112.6,117.4,2026-05-15T04:00:00+00:00,MIN's recent games have been played at a faster tempo (possession proxy). / Strength signal tilts toward SAS (pre-game Elo win proxy). / SAS has generated more second chances on the glass recently. / SAS has been the sharper shooting team recently (rolling eFG%).
SAS @ MIN,05/08/2026,,Minnesota Timberwolves,San Antonio Spurs,0.4102,2026-05-01T11:31:33,0.5898,medium,112.6,117.8,2026-05-08T04:00:00+00:00,MIN's recent games have been played at a faster tempo (possession proxy). / SAS comes in with more rest than MIN (day gap). / Strength signal tilts toward SAS (pre-game Elo win proxy). / SAS has generated more second chances on the glass recently.
TOR @ CLE,05/03/2026,,Cleveland Cavaliers,Toronto Raptors,0.4003,2026-05-01T11:31:33,0.5997,medium,121.9,117.6,2026-05-03T04:00:00+00:00,Strength signal tilts toward CLE (pre-game Elo win proxy). / CLE has generated more second chances on the glass recently. / TOR has lived at the line more often (higher FTA/FGA). / TOR has taken better care of the ball lately (lower turnover rate).
MIN @ SAS,05/04/2026,,San Antonio Spurs,Minnesota Timberwolves,0.6174,2026-05-01T11:43:22,0.6174,medium,123.4,106.4,2026-05-04T04:00:00+00:00,MIN's recent games have been played at a faster tempo (possession proxy). / SAS comes in with more rest than MIN (day gap). / Strength signal tilts toward SAS (pre-game Elo win proxy). / SAS has generated more second chances on the glass recently.
MIN @ SAS,05/06/2026,,San Antonio Spurs,Minnesota Timberwolves,0.617,2026-05-01T11:43:22,0.617,medium,122.9,106.4,2026-05-06T04:00:00+00:00,MIN's recent games have been played at a faster tempo (possession proxy). / SAS comes in with more rest than MIN (day gap). / Strength signal tilts toward SAS (pre-game Elo win proxy). / SAS has generated more second chances on the glass recently.
MIN @ SAS,05/12/2026,,San Antonio Spurs,Minnesota Timberwolves,0.6156,2026-05-01T11:43:22,0.6156,medium,118.5,105.9,2026-05-12T04:00:00+00:00,MIN's recent games have been played at a faster tempo (possession proxy). / Strength signal tilts toward SAS (pre-game Elo win proxy). / SAS has generated more second chances on the glass recently. / SAS has been the sharper shooting team recently (rolling eFG%).
ORL @ DET,05/03/2026,,Detroit Pistons,Orlando Magic,0.6147,2026-05-01T11:43:22,0.6147,medium,113.6,104.7,2026-05-03T04:00:00+00:00,Strength signal tilts toward DET (pre-game Elo win proxy). / DET has been the sharper shooting team recently (rolling eFG%). / ORL has taken better care of the ball lately (lower turnover rate).
PHI @ BOS,05/02/2026,,Boston Celtics,Philadelphia 76ers,0.6103,2026-05-01T11:43:22,0.6103,medium,106.3,105.7,2026-05-02T23:30:00+00:00,Strength signal tilts toward BOS (pre-game Elo win proxy). / BOS has generated more second chances on the glass recently. / BOS has been the sharper shooting team recently (rolling eFG%). / PHI has taken better care of the ball lately (lower turnover rate).
HOU @ LAL,05/03/2026,,Los Angeles Lakers,Houston Rockets,0.6049,2026-05-01T11:43:22,0.6049,medium,95.4,98.9,2026-05-03T04:00:00+00:00,Strength signal tilts toward LAL (pre-game Elo win proxy). / HOU has generated more second chances on the glass recently. / LAL has been the sharper shooting team recently (rolling eFG%). / HOU has taken better care of the ball lately (lower turnover rate).
CLE @ TOR,05/01/2026,,Toronto Raptors,Cleveland Cavaliers,0.6047,2026-05-01T11:43:22,0.6047,medium,112.9,107.2,2026-05-01T23:30:00+00:00,CLE has generated more second chances on the glass recently. / TOR has lived at the line more often (higher FTA/FGA). / TOR has taken better care of the ball lately (lower turnover rate).
LAL @ HOU,05/01/2026,,Houston Rockets,Los Angeles Lakers,0.5999,2026-05-01T11:43:22,0.5999,medium,103.7,102.1,2026-05-02T01:30:00+00:00,HOU has generated more second chances on the glass recently. / LAL has been the sharper shooting team recently (rolling eFG%). / HOU has taken better care of the ball lately (lower turnover rate). / LAL has lived at the line more often (higher FTA/FGA).
DET @ ORL,05/01/2026,,Orlando Magic,Detroit Pistons,0.5965,2026-05-01T11:43:22,0.5965,medium,110.5,99.2,2026-05-01T23:00:00+00:00,DET has been the sharper shooting team recently (rolling eFG%). / ORL has taken better care of the ball lately (lower turnover rate).
SAS @ MIN,05/10/2026,,Minnesota Timberwolves,San Antonio Spurs,0.5934,2026-05-01T11:43:22,0.5934,medium,112.6,117.4,2026-05-10T04:00:00+00:00,MIN's recent games have been played at a faster tempo (possession proxy). / Strength signal tilts toward SAS (pre-game Elo win proxy). / SAS has generated more second chances on the glass recently. / SAS has been the sharper shooting team recently (rolling eFG%).
SAS @ MIN,05/08/2026,,Minnesota Timberwolves,San Antonio Spurs,0.5927,2026-05-01T11:43:22,0.5927,medium,112.6,117.8,2026-05-08T04:00:00+00:00,MIN's recent games have been played at a faster tempo (possession proxy). / SAS comes in with more rest than MIN (day gap). / Strength signal tilts toward SAS (pre-game Elo win proxy). / SAS has generated more second chances on the glass recently.
TOR @ CLE,05/03/2026,,Cleveland Cavaliers,Toronto Raptors,0.5922,2026-05-01T11:43:22,0.5922,medium,121.9,117.6,2026-05-03T04:00:00+00:00,Strength signal tilts toward CLE (pre-game Elo win proxy). / CLE has generated more second chances on the glass recently. / TOR has lived at the line more often (higher FTA/FGA). / TOR has taken better care of the ball lately (lower turnover rate).
ORL @ DET,05/03/2026,,Detroit Pistons,Orlando Magic,0.788,2026-05-01T11:59:51,0.788,high,113.6,104.7,2026-05-03T04:00:00+00:00,Strength signal tilts toward DET (pre-game Elo win proxy). / DET has been the sharper shooting team recently (rolling eFG%). / ORL has taken better care of the ball lately (lower turnover rate).
PHI @ BOS,05/02/2026,,Boston Celtics,Philadelphia 76ers,0.726,2026-05-01T11:59:51,0.726,high,106.3,105.7,2026-05-02T23:30:00+00:00,Strength signal tilts toward BOS (pre-game Elo win proxy). / BOS has generated more second chances on the glass recently. / BOS has been the sharper shooting team recently (rolling eFG%). / PHI has taken better care of the ball lately (lower turnover rate).
CLE @ TOR,05/01/2026,,Toronto Raptors,Cleveland Cavaliers,0.6335,2026-05-01T11:59:51,0.6335,medium,112.9,107.2,2026-05-01T23:30:00+00:00,CLE has generated more second chances on the glass recently. / TOR has lived at the line more often (higher FTA/FGA). / TOR has taken better care of the ball lately (lower turnover rate).
LAL @ HOU,05/01/2026,,Houston Rockets,Los Angeles Lakers,0.5464,2026-05-01T11:59:51,0.5464,low,103.7,102.1,2026-05-02T01:30:00+00:00,HOU has generated more second chances on the glass recently. / LAL has been the sharper shooting team recently (rolling eFG%). / HOU has taken better care of the ball lately (lower turnover rate). / LAL has lived at the line more often (higher FTA/FGA).
DET @ ORL,05/01/2026,,Orlando Magic,Detroit Pistons,0.4825,2026-05-01T11:59:51,0.5175,low,110.5,99.2,2026-05-01T23:00:00+00:00,DET has been the sharper shooting team recently (rolling eFG%). / ORL has taken better care of the ball lately (lower turnover rate).
ORL @ DET,05/03/2026,,Detroit Pistons,Orlando Magic,0.788,2026-05-01T12:01:06,0.788,high,117.4,104.4,2026-05-03T04:00:00+00:00,Strength signal tilts toward DET (pre-game Elo win proxy). / DET has been the sharper shooting team recently (rolling eFG%). / ORL has taken better care of the ball lately (lower turnover rate).
PHI @ BOS,05/02/2026,,Boston Celtics,Philadelphia 76ers,0.726,2026-05-01T12:01:06,0.726,high,106.7,107.8,2026-05-02T23:30:00+00:00,Strength signal tilts toward BOS (pre-game Elo win proxy). / BOS has generated more second chances on the glass recently. / BOS has been the sharper shooting team recently (rolling eFG%). / PHI has taken better care of the ball lately (lower turnover rate).
CLE @ TOR,05/01/2026,,Toronto Raptors,Cleveland Cavaliers,0.6335,2026-05-01T12:01:06,0.6335,medium,111.7,110.3,2026-05-01T23:30:00+00:00,CLE has generated more second chances on the glass recently. / TOR has lived at the line more often (higher FTA/FGA). / TOR has taken better care of the ball lately (lower turnover rate).
LAL @ HOU,05/01/2026,,Houston Rockets,Los Angeles Lakers,0.5464,2026-05-01T12:01:06,0.5464,low,109.5,102.5,2026-05-02T01:30:00+00:00,HOU has generated more second chances on the glass recently. / LAL has been the sharper shooting team recently (rolling eFG%). / HOU has taken better care of the ball lately (lower turnover rate). / LAL has lived at the line more often (higher FTA/FGA).
DET @ ORL,05/01/2026,,Orlando Magic,Detroit Pistons,0.4825,2026-05-01T12:01:06,0.5175,low,115.1,100.3,2026-05-01T23:00:00+00:00,DET has been the sharper shooting team recently (rolling eFG%). / ORL has taken better care of the ball lately (lower turnover rate).
ORL @ DET,05/03/2026,,Detroit Pistons,Orlando Magic,0.788,2026-05-01T12:24:20,0.788,high,117.4,104.4,2026-05-03T04:00:00+00:00,Strength signal tilts toward DET (pre-game Elo win proxy). / DET has been the sharper shooting team recently (rolling eFG%). / ORL has taken better care of the ball lately (lower turnover rate).
PHI @ BOS,05/02/2026,,Boston Celtics,Philadelphia 76ers,0.726,2026-05-01T12:24:20,0.726,high,106.7,107.8,2026-05-02T23:30:00+00:00,Strength signal tilts toward BOS (pre-game Elo win proxy). / BOS has generated more second chances on the glass recently. / BOS has been the sharper shooting team recently (rolling eFG%). / PHI has taken better care of the ball lately (lower turnover rate).
CLE @ TOR,05/01/2026,,Toronto Raptors,Cleveland Cavaliers,0.6335,2026-05-01T12:24:20,0.6335,medium,111.7,110.3,2026-05-01T23:30:00+00:00,CLE has generated more second chances on the glass recently. / TOR has lived at the line more often (higher FTA/FGA). / TOR has taken better care of the ball lately (lower turnover rate).
LAL @ HOU,05/01/2026,,Houston Rockets,Los Angeles Lakers,0.5464,2026-05-01T12:24:20,0.5464,low,109.5,102.5,2026-05-02T01:30:00+00:00,HOU has generated more second chances on the glass recently. / LAL has been the sharper shooting team recently (rolling eFG%). / HOU has taken better care of the ball lately (lower turnover rate). / LAL has lived at the line more often (higher FTA/FGA).
DET @ ORL,05/01/2026,,Orlando Magic,Detroit Pistons,0.4825,2026-05-01T12:24:20,0.5175,low,115.1,100.3,2026-05-01T23:00:00+00:00,DET has been the sharper shooting team recently (rolling eFG%). / ORL has taken better care of the ball lately (lower turnover rate).
MIN @ SAS,05/04/2026,,San Antonio Spurs,Minnesota Timberwolves,0.8209,2026-05-01T12:27:55,0.8209,high,123.5,108.2,2026-05-04T04:00:00+00:00,MIN's recent games have been played at a faster tempo (possession proxy). / SAS comes in with more rest than MIN (day gap). / Strength signal tilts toward SAS (pre-game Elo win proxy). / SAS has generated more second chances on the glass recently.
MIN @ SAS,05/06/2026,,San Antonio Spurs,Minnesota Timberwolves,0.8165,2026-05-01T12:27:55,0.8165,high,123.5,108.2,2026-05-06T04:00:00+00:00,MIN's recent games have been played at a faster tempo (possession proxy). / SAS comes in with more rest than MIN (day gap). / Strength signal tilts toward SAS (pre-game Elo win proxy). / SAS has generated more second chances on the glass recently.
MIN @ SAS,05/12/2026,,San Antonio Spurs,Minnesota Timberwolves,0.7998,2026-05-01T12:27:55,0.7998,high,119.2,108.0,2026-05-12T04:00:00+00:00,MIN's recent games have been played at a faster tempo (possession proxy). / Strength signal tilts toward SAS (pre-game Elo win proxy). / SAS has generated more second chances on the glass recently. / SAS has been the sharper shooting team recently (rolling eFG%).
ORL @ DET,05/03/2026,,Detroit Pistons,Orlando Magic,0.788,2026-05-01T12:27:55,0.788,high,117.4,104.4,2026-05-03T04:00:00+00:00,Strength signal tilts toward DET (pre-game Elo win proxy). / DET has been the sharper shooting team recently (rolling eFG%). / ORL has taken better care of the ball lately (lower turnover rate).
PHI @ BOS,05/02/2026,,Boston Celtics,Philadelphia 76ers,0.726,2026-05-01T12:27:55,0.726,high,106.7,107.8,2026-05-02T23:30:00+00:00,Strength signal tilts toward BOS (pre-game Elo win proxy). / BOS has generated more second chances on the glass recently. / BOS has been the sharper shooting team recently (rolling eFG%). / PHI has taken better care of the ball lately (lower turnover rate).
HOU @ LAL,05/03/2026,,Los Angeles Lakers,Houston Rockets,0.6381,2026-05-01T12:27:55,0.6381,medium,96.0,98.3,2026-05-03T04:00:00+00:00,Strength signal tilts toward LAL (pre-game Elo win proxy). / HOU has generated more second chances on the glass recently. / LAL has been the sharper shooting team recently (rolling eFG%). / HOU has taken better care of the ball lately (lower turnover rate).
CLE @ TOR,05/01/2026,,Toronto Raptors,Cleveland Cavaliers,0.6335,2026-05-01T12:27:55,0.6335,medium,111.7,110.3,2026-05-01T23:30:00+00:00,CLE has generated more second chances on the glass recently. / TOR has lived at the line more often (higher FTA/FGA). / TOR has taken better care of the ball lately (lower turnover rate).
LAL @ HOU,05/01/2026,,Houston Rockets,Los Angeles Lakers,0.5464,2026-05-01T12:27:55,0.5464,low,109.5,102.5,2026-05-02T01:30:00+00:00,HOU has generated more second chances on the glass recently. / LAL has been the sharper shooting team recently (rolling eFG%). / HOU has taken better care of the ball lately (lower turnover rate). / LAL has lived at the line more often (higher FTA/FGA).
DET @ ORL,05/01/2026,,Orlando Magic,Detroit Pistons,0.4825,2026-05-01T12:27:55,0.5175,low,115.1,100.3,2026-05-01T23:00:00+00:00,DET has been the sharper shooting team recently (rolling eFG%). / ORL has taken better care of the ball lately (lower turnover rate).
SAS @ MIN,05/10/2026,,Minnesota Timberwolves,San Antonio Spurs,0.4227,2026-05-01T12:27:55,0.5773,medium,110.8,119.7,2026-05-10T04:00:00+00:00,MIN's recent games have been played at a faster tempo (possession proxy). / Strength signal tilts toward SAS (pre-game Elo win proxy). / SAS has generated more second chances on the glass recently. / SAS has been the sharper shooting team recently (rolling eFG%).
SAS @ MIN,05/15/2026,,Minnesota Timberwolves,San Antonio Spurs,0.4227,2026-05-01T12:27:55,0.5773,medium,110.8,119.7,2026-05-15T04:00:00+00:00,MIN's recent games have been played at a faster tempo (possession proxy). / Strength signal tilts toward SAS (pre-game Elo win proxy). / SAS has generated more second chances on the glass recently. / SAS has been the sharper shooting team recently (rolling eFG%).
SAS @ MIN,05/08/2026,,Minnesota Timberwolves,San Antonio Spurs,0.4109,2026-05-01T12:27:55,0.5891,medium,110.8,119.5,2026-05-08T04:00:00+00:00,MIN's recent games have been played at a faster tempo (possession proxy). / SAS comes in with more rest than MIN (day gap). / Strength signal tilts toward SAS (pre-game Elo win proxy). / SAS has generated more second chances on the glass recently.
TOR @ CLE,05/03/2026,,Cleveland Cavaliers,Toronto Raptors,0.4016,2026-05-01T12:27:55,0.5984,medium,121.7,118.5,2026-05-03T04:00:00+00:00,Strength signal tilts toward CLE (pre-game Elo win proxy). / CLE has generated more second chances on the glass recently. / TOR has lived at the line more often (higher FTA/FGA). / TOR has taken better care of the ball lately (lower turnover rate).
MIN @ SAS,05/04/2026,,San Antonio Spurs,Minnesota Timberwolves,0.8209,2026-05-01T12:31:38,0.8209,high,123.5,108.2,2026-05-04T04:00:00+00:00,MIN's recent games have been played at a faster tempo (possession proxy). / SAS comes in with more rest than MIN (day gap). / Strength signal tilts toward SAS (pre-game Elo win proxy). / SAS has generated more second chances on the glass recently.
MIN @ SAS,05/06/2026,,San Antonio Spurs,Minnesota Timberwolves,0.8165,2026-05-01T12:31:38,0.8165,high,123.5,108.2,2026-05-06T04:00:00+00:00,MIN's recent games have been played at a faster tempo (possession proxy). / SAS comes in with more rest than MIN (day gap). / Strength signal tilts toward SAS (pre-game Elo win proxy). / SAS has generated more second chances on the glass recently.
ORL @ DET,05/03/2026,,Detroit Pistons,Orlando Magic,0.788,2026-05-01T12:31:38,0.788,high,117.4,104.4,2026-05-03T04:00:00+00:00,Strength signal tilts toward DET (pre-game Elo win proxy). / DET has been the sharper shooting team recently (rolling eFG%). / ORL has taken better care of the ball lately (lower turnover rate).
PHI @ BOS,05/02/2026,,Boston Celtics,Philadelphia 76ers,0.726,2026-05-01T12:31:38,0.726,high,106.7,107.8,2026-05-02T23:30:00+00:00,Strength signal tilts toward BOS (pre-game Elo win proxy). / BOS has generated more second chances on the glass recently. / BOS has been the sharper shooting team recently (rolling eFG%). / PHI has taken better care of the ball lately (lower turnover rate).
HOU @ LAL,05/03/2026,,Los Angeles Lakers,Houston Rockets,0.6381,2026-05-01T12:31:38,0.6381,medium,96.0,98.3,2026-05-03T04:00:00+00:00,Strength signal tilts toward LAL (pre-game Elo win proxy). / HOU has generated more second chances on the glass recently. / LAL has been the sharper shooting team recently (rolling eFG%). / HOU has taken better care of the ball lately (lower turnover rate).
CLE @ TOR,05/01/2026,,Toronto Raptors,Cleveland Cavaliers,0.6335,2026-05-01T12:31:38,0.6335,medium,111.7,110.3,2026-05-01T23:30:00+00:00,CLE has generated more second chances on the glass recently. / TOR has lived at the line more often (higher FTA/FGA). / TOR has taken better care of the ball lately (lower turnover rate).
LAL @ HOU,05/01/2026,,Houston Rockets,Los Angeles Lakers,0.5464,2026-05-01T12:31:38,0.5464,low,109.5,102.5,2026-05-02T01:30:00+00:00,HOU has generated more second chances on the glass recently. / LAL has been the sharper shooting team recently (rolling eFG%). / HOU has taken better care of the ball lately (lower turnover rate). / LAL has lived at the line more often (higher FTA/FGA).
DET @ ORL,05/01/2026,,Orlando Magic,Detroit Pistons,0.4825,2026-05-01T12:31:38,0.5175,low,115.1,100.3,2026-05-01T23:00:00+00:00,DET has been the sharper shooting team recently (rolling eFG%). / ORL has taken better care of the ball lately (lower turnover rate).
SAS @ MIN,05/08/2026,,Minnesota Timberwolves,San Antonio Spurs,0.4109,2026-05-01T12:31:38,0.5891,medium,110.8,119.5,2026-05-08T04:00:00+00:00,MIN's recent games have been played at a faster tempo (possession proxy). / SAS comes in with more rest than MIN (day gap). / Strength signal tilts toward SAS (pre-game Elo win proxy). / SAS has generated more second chances on the glass recently.
TOR @ CLE,05/03/2026,,Cleveland Cavaliers,Toronto Raptors,0.4016,2026-05-01T12:31:38,0.5984,medium,121.7,118.5,2026-05-03T04:00:00+00:00,Strength signal tilts toward CLE (pre-game Elo win proxy). / CLE has generated more second chances on the glass recently. / TOR has lived at the line more often (higher FTA/FGA). / TOR has taken better care of the ball lately (lower turnover rate).
MIN @ SAS,05/04/2026,,San Antonio Spurs,Minnesota Timberwolves,0.8209,2026-05-01T12:42:40,0.8209,high,123.5,108.2,2026-05-04T04:00:00+00:00,MIN's recent games have been played at a faster tempo (possession proxy). / SAS comes in with more rest than MIN (day gap). / Strength signal tilts toward SAS (pre-game Elo win proxy). / SAS has generated more second chances on the glass recently.
MIN @ SAS,05/06/2026,,San Antonio Spurs,Minnesota Timberwolves,0.8165,2026-05-01T12:42:40,0.8165,high,123.5,108.2,2026-05-06T04:00:00+00:00,MIN's recent games have been played at a faster tempo (possession proxy). / SAS comes in with more rest than MIN (day gap). / Strength signal tilts toward SAS (pre-game Elo win proxy). / SAS has generated more second chances on the glass recently.
ORL @ DET,05/03/2026,,Detroit Pistons,Orlando Magic,0.788,2026-05-01T12:42:40,0.788,high,117.4,104.4,2026-05-03T04:00:00+00:00,Strength signal tilts toward DET (pre-game Elo win proxy). / DET has been the sharper shooting team recently (rolling eFG%). / ORL has taken better care of the ball lately (lower turnover rate).
PHI @ BOS,05/02/2026,,Boston Celtics,Philadelphia 76ers,0.726,2026-05-01T12:42:40,0.726,high,106.7,107.8,2026-05-02T23:30:00+00:00,Strength signal tilts toward BOS (pre-game Elo win proxy). / BOS has generated more second chances on the glass recently. / BOS has been the sharper shooting team recently (rolling eFG%). / PHI has taken better care of the ball lately (lower turnover rate).
HOU @ LAL,05/03/2026,,Los Angeles Lakers,Houston Rockets,0.6381,2026-05-01T12:42:40,0.6381,medium,96.0,98.3,2026-05-03T04:00:00+00:00,Strength signal tilts toward LAL (pre-game Elo win proxy). / HOU has generated more second chances on the glass recently. / LAL has been the sharper shooting team recently (rolling eFG%). / HOU has taken better care of the ball lately (lower turnover rate).
CLE @ TOR,05/01/2026,,Toronto Raptors,Cleveland Cavaliers,0.6335,2026-05-01T12:42:40,0.6335,medium,111.7,110.3,2026-05-01T23:30:00+00:00,CLE has generated more second chances on the glass recently. / TOR has lived at the line more often (higher FTA/FGA). / TOR has taken better care of the ball lately (lower turnover rate).
LAL @ HOU,05/01/2026,,Houston Rockets,Los Angeles Lakers,0.5464,2026-05-01T12:42:40,0.5464,low,109.5,102.5,2026-05-02T01:30:00+00:00,HOU has generated more second chances on the glass recently. / LAL has been the sharper shooting team recently (rolling eFG%). / HOU has taken better care of the ball lately (lower turnover rate). / LAL has lived at the line more often (higher FTA/FGA).
DET @ ORL,05/01/2026,,Orlando Magic,Detroit Pistons,0.4825,2026-05-01T12:42:40,0.5175,low,115.1,100.3,2026-05-01T23:00:00+00:00,DET has been the sharper shooting team recently (rolling eFG%). / ORL has taken better care of the ball lately (lower turnover rate).
SAS @ MIN,05/10/2026,,Minnesota Timberwolves,San Antonio Spurs,0.4227,2026-05-01T12:42:40,0.5773,medium,110.8,119.7,2026-05-10T04:00:00+00:00,MIN's recent games have been played at a faster tempo (possession proxy). / Strength signal tilts toward SAS (pre-game Elo win proxy). / SAS has generated more second chances on the glass recently. / SAS has been the sharper shooting team recently (rolling eFG%).
SAS @ MIN,05/08/2026,,Minnesota Timberwolves,San Antonio Spurs,0.4109,2026-05-01T12:42:40,0.5891,medium,110.8,119.5,2026-05-08T04:00:00+00:00,MIN's recent games have been played at a faster tempo (possession proxy). / SAS comes in with more rest than MIN (day gap). / Strength signal tilts toward SAS (pre-game Elo win proxy). / SAS has generated more second chances on the glass recently.
TOR @ CLE,05/03/2026,,Cleveland Cavaliers,Toronto Raptors,0.4016,2026-05-01T12:42:40,0.5984,medium,121.7,118.5,2026-05-03T04:00:00+00:00,Strength signal tilts toward CLE (pre-game Elo win proxy). / CLE has generated more second chances on the glass recently. / TOR has lived at the line more often (higher FTA/FGA). / TOR has taken better care of the ball lately (lower turnover rate).
MIN @ SAS,05/04/2026,,San Antonio Spurs,Minnesota Timberwolves,0.8209,2026-05-01T12:43:58,0.8209,high,123.5,108.2,2026-05-04T04:00:00+00:00,MIN's recent games have been played at a faster tempo (possession proxy). / SAS comes in with more rest than MIN (day gap). / Strength signal tilts toward SAS (pre-game Elo win proxy). / SAS has generated more second chances on the glass recently.
MIN @ SAS,05/06/2026,,San Antonio Spurs,Minnesota Timberwolves,0.8165,2026-05-01T12:43:58,0.8165,high,123.5,108.2,2026-05-06T04:00:00+00:00,MIN's recent games have been played at a faster tempo (possession proxy). / SAS comes in with more rest than MIN (day gap). / Strength signal tilts toward SAS (pre-game Elo win proxy). / SAS has generated more second chances on the glass recently.
ORL @ DET,05/03/2026,,Detroit Pistons,Orlando Magic,0.788,2026-05-01T12:43:58,0.788,high,117.4,104.4,2026-05-03T04:00:00+00:00,Strength signal tilts toward DET (pre-game Elo win proxy). / DET has been the sharper shooting team recently (rolling eFG%). / ORL has taken better care of the ball lately (lower turnover rate).
PHI @ BOS,05/02/2026,,Boston Celtics,Philadelphia 76ers,0.726,2026-05-01T12:43:58,0.726,high,106.7,107.8,2026-05-02T23:30:00+00:00,Strength signal tilts toward BOS (pre-game Elo win proxy). / BOS has generated more second chances on the glass recently. / BOS has been the sharper shooting team recently (rolling eFG%). / PHI has taken better care of the ball lately (lower turnover rate).
HOU @ LAL,05/03/2026,,Los Angeles Lakers,Houston Rockets,0.6381,2026-05-01T12:43:58,0.6381,medium,96.0,98.3,2026-05-03T04:00:00+00:00,Strength signal tilts toward LAL (pre-game Elo win proxy). / HOU has generated more second chances on the glass recently. / LAL has been the sharper shooting team recently (rolling eFG%). / HOU has taken better care of the ball lately (lower turnover rate).
CLE @ TOR,05/01/2026,,Toronto Raptors,Cleveland Cavaliers,0.6335,2026-05-01T12:43:58,0.6335,medium,111.7,110.3,2026-05-01T23:30:00+00:00,CLE has generated more second chances on the glass recently. / TOR has lived at the line more often (higher FTA/FGA). / TOR has taken better care of the ball lately (lower turnover rate).
LAL @ HOU,05/01/2026,,Houston Rockets,Los Angeles Lakers,0.5464,2026-05-01T12:43:58,0.5464,low,109.5,102.5,2026-05-02T01:30:00+00:00,HOU has generated more second chances on the glass recently. / LAL has been the sharper shooting team recently (rolling eFG%). / HOU has taken better care of the ball lately (lower turnover rate). / LAL has lived at the line more often (higher FTA/FGA).
DET @ ORL,05/01/2026,,Orlando Magic,Detroit Pistons,0.4825,2026-05-01T12:43:58,0.5175,low,115.1,100.3,2026-05-01T23:00:00+00:00,DET has been the sharper shooting team recently (rolling eFG%). / ORL has taken better care of the ball lately (lower turnover rate).
SAS @ MIN,05/10/2026,,Minnesota Timberwolves,San Antonio Spurs,0.4227,2026-05-01T12:43:58,0.5773,medium,110.8,119.7,2026-05-10T04:00:00+00:00,MIN's recent games have been played at a faster tempo (possession proxy). / Strength signal tilts toward SAS (pre-game Elo win proxy). / SAS has generated more second chances on the glass recently. / SAS has been the sharper shooting team recently (rolling eFG%).
SAS @ MIN,05/08/2026,,Minnesota Timberwolves,San Antonio Spurs,0.4109,2026-05-01T12:43:58,0.5891,medium,110.8,119.5,2026-05-08T04:00:00+00:00,MIN's recent games have been played at a faster tempo (possession proxy). / SAS comes in with more rest than MIN (day gap). / Strength signal tilts toward SAS (pre-game Elo win proxy). / SAS has generated more second chances on the glass recently.
TOR @ CLE,05/03/2026,,Cleveland Cavaliers,Toronto Raptors,0.4016,2026-05-01T12:43:58,0.5984,medium,121.7,118.5,2026-05-03T04:00:00+00:00,Strength signal tilts toward CLE (pre-game Elo win proxy). / CLE has generated more second chances on the glass recently. / TOR has lived at the line more often (higher FTA/FGA). / TOR has taken better care of the ball lately (lower turnover rate).
MIN @ SAS,05/04/2026,,San Antonio Spurs,Minnesota Timberwolves,0.8209,2026-05-01T12:57:49,0.8209,high,123.5,108.2,2026-05-04T04:00:00+00:00,MIN's recent games have been played at a faster tempo (possession proxy). / SAS comes in with more rest than MIN (day gap). / Strength signal tilts toward SAS (pre-game Elo win proxy). / SAS has generated more second chances on the glass recently.
MIN @ SAS,05/06/2026,,San Antonio Spurs,Minnesota Timberwolves,0.8165,2026-05-01T12:57:49,0.8165,high,123.5,108.2,2026-05-06T04:00:00+00:00,MIN's recent games have been played at a faster tempo (possession proxy). / SAS comes in with more rest than MIN (day gap). / Strength signal tilts toward SAS (pre-game Elo win proxy). / SAS has generated more second chances on the glass recently.
ORL @ DET,05/03/2026,,Detroit Pistons,Orlando Magic,0.788,2026-05-01T12:57:49,0.788,high,117.4,104.4,2026-05-03T04:00:00+00:00,Strength signal tilts toward DET (pre-game Elo win proxy). / DET has been the sharper shooting team recently (rolling eFG%). / ORL has taken better care of the ball lately (lower turnover rate).
PHI @ BOS,05/02/2026,,Boston Celtics,Philadelphia 76ers,0.726,2026-05-01T12:57:49,0.726,high,106.7,107.8,2026-05-02T23:30:00+00:00,Strength signal tilts toward BOS (pre-game Elo win proxy). / BOS has generated more second chances on the glass recently. / BOS has been the sharper shooting team recently (rolling eFG%). / PHI has taken better care of the ball lately (lower turnover rate).
HOU @ LAL,05/03/2026,,Los Angeles Lakers,Houston Rockets,0.6381,2026-05-01T12:57:49,0.6381,medium,96.0,98.3,2026-05-03T04:00:00+00:00,Strength signal tilts toward LAL (pre-game Elo win proxy). / HOU has generated more second chances on the glass recently. / LAL has been the sharper shooting team recently (rolling eFG%). / HOU has taken better care of the ball lately (lower turnover rate).
CLE @ TOR,05/01/2026,,Toronto Raptors,Cleveland Cavaliers,0.6335,2026-05-01T12:57:49,0.6335,medium,111.7,110.3,2026-05-01T23:30:00+00:00,CLE has generated more second chances on the glass recently. / TOR has lived at the line more often (higher FTA/FGA). / TOR has taken better care of the ball lately (lower turnover rate).
LAL @ HOU,05/01/2026,,Houston Rockets,Los Angeles Lakers,0.5464,2026-05-01T12:57:49,0.5464,low,109.5,102.5,2026-05-02T01:30:00+00:00,HOU has generated more second chances on the glass recently. / LAL has been the sharper shooting team recently (rolling eFG%). / HOU has taken better care of the ball lately (lower turnover rate). / LAL has lived at the line more often (higher FTA/FGA).
DET @ ORL,05/01/2026,,Orlando Magic,Detroit Pistons,0.4825,2026-05-01T12:57:49,0.5175,low,115.1,100.3,2026-05-01T23:00:00+00:00,DET has been the sharper shooting team recently (rolling eFG%). / ORL has taken better care of the ball lately (lower turnover rate).
SAS @ MIN,05/10/2026,,Minnesota Timberwolves,San Antonio Spurs,0.4227,2026-05-01T12:57:49,0.5773,medium,110.8,119.7,2026-05-10T04:00:00+00:00,MIN's recent games have been played at a faster tempo (possession proxy). / Strength signal tilts toward SAS (pre-game Elo win proxy). / SAS has generated more second chances on the glass recently. / SAS has been the sharper shooting team recently (rolling eFG%).
SAS @ MIN,05/08/2026,,Minnesota Timberwolves,San Antonio Spurs,0.4109,2026-05-01T12:57:49,0.5891,medium,110.8,119.5,2026-05-08T04:00:00+00:00,MIN's recent games have been played at a faster tempo (possession proxy). / SAS comes in with more rest than MIN (day gap). / Strength signal tilts toward SAS (pre-game Elo win proxy). / SAS has generated more second chances on the glass recently.
TOR @ CLE,05/03/2026,,Cleveland Cavaliers,Toronto Raptors,0.4016,2026-05-01T12:57:49,0.5984,medium,121.7,118.5,2026-05-03T04:00:00+00:00,Strength signal tilts toward CLE (pre-game Elo win proxy). / CLE has generated more second chances on the glass recently. / TOR has lived at the line more often (higher FTA/FGA). / TOR has taken better care of the ball lately (lower turnover rate).
MIN @ SAS,05/04/2026,,San Antonio Spurs,Minnesota Timberwolves,0.8209,2026-05-01T12:59:04,0.8209,high,123.5,108.2,2026-05-04T04:00:00+00:00,MIN's recent games have been played at a faster tempo (possession proxy). / SAS comes in with more rest than MIN (day gap). / Strength signal tilts toward SAS (pre-game Elo win proxy). / SAS has generated more second chances on the glass recently.
MIN @ SAS,05/06/2026,,San Antonio Spurs,Minnesota Timberwolves,0.8165,2026-05-01T12:59:04,0.8165,high,123.5,108.2,2026-05-06T04:00:00+00:00,MIN's recent games have been played at a faster tempo (possession proxy). / SAS comes in with more rest than MIN (day gap). / Strength signal tilts toward SAS (pre-game Elo win proxy). / SAS has generated more second chances on the glass recently.
ORL @ DET,05/03/2026,,Detroit Pistons,Orlando Magic,0.788,2026-05-01T12:59:04,0.788,high,117.4,104.4,2026-05-03T04:00:00+00:00,Strength signal tilts toward DET (pre-game Elo win proxy). / DET has been the sharper shooting team recently (rolling eFG%). / ORL has taken better care of the ball lately (lower turnover rate).
PHI @ BOS,05/02/2026,,Boston Celtics,Philadelphia 76ers,0.726,2026-05-01T12:59:04,0.726,high,106.7,107.8,2026-05-02T23:30:00+00:00,Strength signal tilts toward BOS (pre-game Elo win proxy). / BOS has generated more second chances on the glass recently. / BOS has been the sharper shooting team recently (rolling eFG%). / PHI has taken better care of the ball lately (lower turnover rate).
HOU @ LAL,05/03/2026,,Los Angeles Lakers,Houston Rockets,0.6381,2026-05-01T12:59:04,0.6381,medium,96.0,98.3,2026-05-03T04:00:00+00:00,Strength signal tilts toward LAL (pre-game Elo win proxy). / HOU has generated more second chances on the glass recently. / LAL has been the sharper shooting team recently (rolling eFG%). / HOU has taken better care of the ball lately (lower turnover rate).
CLE @ TOR,05/01/2026,,Toronto Raptors,Cleveland Cavaliers,0.6335,2026-05-01T12:59:04,0.6335,medium,111.7,110.3,2026-05-01T23:30:00+00:00,CLE has generated more second chances on the glass recently. / TOR has lived at the line more often (higher FTA/FGA). / TOR has taken better care of the ball lately (lower turnover rate).
LAL @ HOU,05/01/2026,,Houston Rockets,Los Angeles Lakers,0.5464,2026-05-01T12:59:04,0.5464,low,109.5,102.5,2026-05-02T01:30:00+00:00,HOU has generated more second chances on the glass recently. / LAL has been the sharper shooting team recently (rolling eFG%). / HOU has taken better care of the ball lately (lower turnover rate). / LAL has lived at the line more often (higher FTA/FGA).
DET @ ORL,05/01/2026,,Orlando Magic,Detroit Pistons,0.4825,2026-05-01T12:59:04,0.5175,low,115.1,100.3,2026-05-01T23:00:00+00:00,DET has been the sharper shooting team recently (rolling eFG%). / ORL has taken better care of the ball lately (lower turnover rate).
SAS @ MIN,05/10/2026,,Minnesota Timberwolves,San Antonio Spurs,0.4227,2026-05-01T12:59:04,0.5773,medium,110.8,119.7,2026-05-10T04:00:00+00:00,MIN's recent games have been played at a faster tempo (possession proxy). / Strength signal tilts toward SAS (pre-game Elo win proxy). / SAS has generated more second chances on the glass recently. / SAS has been the sharper shooting team recently (rolling eFG%).
SAS @ MIN,05/08/2026,,Minnesota Timberwolves,San Antonio Spurs,0.4109,2026-05-01T12:59:04,0.5891,medium,110.8,119.5,2026-05-08T04:00:00+00:00,MIN's recent games have been played at a faster tempo (possession proxy). / SAS comes in with more rest than MIN (day gap). / Strength signal tilts toward SAS (pre-game Elo win proxy). / SAS has generated more second chances on the glass recently.
TOR @ CLE,05/03/2026,,Cleveland Cavaliers,Toronto Raptors,0.4016,2026-05-01T12:59:04,0.5984,medium,121.7,118.5,2026-05-03T04:00:00+00:00,Strength signal tilts toward CLE (pre-game Elo win proxy). / CLE has generated more second chances on the glass recently. / TOR has lived at the line more often (higher FTA/FGA). / TOR has taken better care of the ball lately (lower turnover rate).
MIN @ SAS,05/04/2026,,San Antonio Spurs,Minnesota Timberwolves,0.8209,2026-05-01T13:10:19,0.8209,high,123.5,108.2,2026-05-04T04:00:00+00:00,MIN's recent games have been played at a faster tempo (possession proxy). / SAS comes in with more rest than MIN (day gap). / Strength signal tilts toward SAS (pre-game Elo win proxy). / SAS has generated more second chances on the glass recently.
MIN @ SAS,05/06/2026,,San Antonio Spurs,Minnesota Timberwolves,0.8165,2026-05-01T13:10:19,0.8165,high,123.5,108.2,2026-05-06T04:00:00+00:00,MIN's recent games have been played at a faster tempo (possession proxy). / SAS comes in with more rest than MIN (day gap). / Strength signal tilts toward SAS (pre-game Elo win proxy). / SAS has generated more second chances on the glass recently.
ORL @ DET,05/03/2026,,Detroit Pistons,Orlando Magic,0.788,2026-05-01T13:10:19,0.788,high,117.4,104.4,2026-05-03T04:00:00+00:00,Strength signal tilts toward DET (pre-game Elo win proxy). / DET has been the sharper shooting team recently (rolling eFG%). / ORL has taken better care of the ball lately (lower turnover rate).
PHI @ BOS,05/02/2026,,Boston Celtics,Philadelphia 76ers,0.726,2026-05-01T13:10:19,0.726,high,106.7,107.8,2026-05-02T23:30:00+00:00,Strength signal tilts toward BOS (pre-game Elo win proxy). / BOS has generated more second chances on the glass recently. / BOS has been the sharper shooting team recently (rolling eFG%). / PHI has taken better care of the ball lately (lower turnover rate).
HOU @ LAL,05/03/2026,,Los Angeles Lakers,Houston Rockets,0.6381,2026-05-01T13:10:19,0.6381,medium,96.0,98.3,2026-05-03T04:00:00+00:00,Strength signal tilts toward LAL (pre-game Elo win proxy). / HOU has generated more second chances on the glass recently. / LAL has been the sharper shooting team recently (rolling eFG%). / HOU has taken better care of the ball lately (lower turnover rate).
CLE @ TOR,05/01/2026,,Toronto Raptors,Cleveland Cavaliers,0.6335,2026-05-01T13:10:19,0.6335,medium,111.7,110.3,2026-05-01T23:30:00+00:00,CLE has generated more second chances on the glass recently. / TOR has lived at the line more often (higher FTA/FGA). / TOR has taken better care of the ball lately (lower turnover rate).
LAL @ HOU,05/01/2026,,Houston Rockets,Los Angeles Lakers,0.5464,2026-05-01T13:10:19,0.5464,low,109.5,102.5,2026-05-02T01:30:00+00:00,HOU has generated more second chances on the glass recently. / LAL has been the sharper shooting team recently (rolling eFG%). / HOU has taken better care of the ball lately (lower turnover rate). / LAL has lived at the line more often (higher FTA/FGA).
DET @ ORL,05/01/2026,,Orlando Magic,Detroit Pistons,0.4825,2026-05-01T13:10:19,0.5175,low,115.1,100.3,2026-05-01T23:00:00+00:00,DET has been the sharper shooting team recently (rolling eFG%). / ORL has taken better care of the ball lately (lower turnover rate).
SAS @ MIN,05/10/2026,,Minnesota Timberwolves,San Antonio Spurs,0.4227,2026-05-01T13:10:19,0.5773,medium,110.8,119.7,2026-05-10T04:00:00+00:00,MIN's recent games have been played at a faster tempo (possession proxy). / Strength signal tilts toward SAS (pre-game Elo win proxy). / SAS has generated more second chances on the glass recently. / SAS has been the sharper shooting team recently (rolling eFG%).
SAS @ MIN,05/08/2026,,Minnesota Timberwolves,San Antonio Spurs,0.4109,2026-05-01T13:10:19,0.5891,medium,110.8,119.5,2026-05-08T04:00:00+00:00,MIN's recent games have been played at a faster tempo (possession proxy). / SAS comes in with more rest than MIN (day gap). / Strength signal tilts toward SAS (pre-game Elo win proxy). / SAS has generated more second chances on the glass recently.
TOR @ CLE,05/03/2026,,Cleveland Cavaliers,Toronto Raptors,0.4016,2026-05-01T13:10:19,0.5984,medium,121.7,118.5,2026-05-03T04:00:00+00:00,Strength signal tilts toward CLE (pre-game Elo win proxy). / CLE has generated more second chances on the glass recently. / TOR has lived at the line more often (higher FTA/FGA). / TOR has taken better care of the ball lately (lower turnover rate).
MIN @ SAS,05/04/2026,,San Antonio Spurs,Minnesota Timberwolves,0.8209,2026-05-01T13:33:12,0.8209,high,123.5,108.2,2026-05-04T04:00:00+00:00,MIN's recent games have been played at a faster tempo (possession proxy). / SAS comes in with more rest than MIN (day gap). / Strength signal tilts toward SAS (pre-game Elo win proxy). / SAS has generated more second chances on the glass recently.
MIN @ SAS,05/06/2026,,San Antonio Spurs,Minnesota Timberwolves,0.8165,2026-05-01T13:33:12,0.8165,high,123.5,108.2,2026-05-06T04:00:00+00:00,MIN's recent games have been played at a faster tempo (possession proxy). / SAS comes in with more rest than MIN (day gap). / Strength signal tilts toward SAS (pre-game Elo win proxy). / SAS has generated more second chances on the glass recently.
ORL @ DET,05/03/2026,,Detroit Pistons,Orlando Magic,0.788,2026-05-01T13:33:12,0.788,high,117.4,104.4,2026-05-03T04:00:00+00:00,Strength signal tilts toward DET (pre-game Elo win proxy). / DET has been the sharper shooting team recently (rolling eFG%). / ORL has taken better care of the ball lately (lower turnover rate).
PHI @ BOS,05/02/2026,,Boston Celtics,Philadelphia 76ers,0.726,2026-05-01T13:33:12,0.726,high,106.7,107.8,2026-05-02T23:30:00+00:00,Strength signal tilts toward BOS (pre-game Elo win proxy). / BOS has generated more second chances on the glass recently. / BOS has been the sharper shooting team recently (rolling eFG%). / PHI has taken better care of the ball lately (lower turnover rate).
HOU @ LAL,05/03/2026,,Los Angeles Lakers,Houston Rockets,0.6381,2026-05-01T13:33:12,0.6381,medium,96.0,98.3,2026-05-03T04:00:00+00:00,Strength signal tilts toward LAL (pre-game Elo win proxy). / HOU has generated more second chances on the glass recently. / LAL has been the sharper shooting team recently (rolling eFG%). / HOU has taken better care of the ball lately (lower turnover rate).
CLE @ TOR,05/01/2026,,Toronto Raptors,Cleveland Cavaliers,0.6335,2026-05-01T13:33:12,0.6335,medium,111.7,110.3,2026-05-01T23:30:00+00:00,CLE has generated more second chances on the glass recently. / TOR has lived at the line more often (higher FTA/FGA). / TOR has taken better care of the ball lately (lower turnover rate).
LAL @ HOU,05/01/2026,,Houston Rockets,Los Angeles Lakers,0.5464,2026-05-01T13:33:12,0.5464,low,109.5,102.5,2026-05-02T01:30:00+00:00,HOU has generated more second chances on the glass recently. / LAL has been the sharper shooting team recently (rolling eFG%). / HOU has taken better care of the ball lately (lower turnover rate). / LAL has lived at the line more often (higher FTA/FGA).
DET @ ORL,05/01/2026,,Orlando Magic,Detroit Pistons,0.4825,2026-05-01T13:33:12,0.5175,low,115.1,100.3,2026-05-01T23:00:00+00:00,DET has been the sharper shooting team recently (rolling eFG%). / ORL has taken better care of the ball lately (lower turnover rate).
SAS @ MIN,05/10/2026,,Minnesota Timberwolves,San Antonio Spurs,0.4227,2026-05-01T13:33:12,0.5773,medium,110.8,119.7,2026-05-10T04:00:00+00:00,MIN's recent games have been played at a faster tempo (possession proxy). / Strength signal tilts toward SAS (pre-game Elo win proxy). / SAS has generated more second chances on the glass recently. / SAS has been the sharper shooting team recently (rolling eFG%).
SAS @ MIN,05/08/2026,,Minnesota Timberwolves,San Antonio Spurs,0.4109,2026-05-01T13:33:12,0.5891,medium,110.8,119.5,2026-05-08T04:00:00+00:00,MIN's recent games have been played at a faster tempo (possession proxy). / SAS comes in with more rest than MIN (day gap). / Strength signal tilts toward SAS (pre-game Elo win proxy). / SAS has generated more second chances on the glass recently.
TOR @ CLE,05/03/2026,,Cleveland Cavaliers,Toronto Raptors,0.4016,2026-05-01T13:33:12,0.5984,medium,121.7,118.5,2026-05-03T04:00:00+00:00,Strength signal tilts toward CLE (pre-game Elo win proxy). / CLE has generated more second chances on the glass recently. / TOR has lived at the line more often (higher FTA/FGA). / TOR has taken better care of the ball lately (lower turnover rate).
MIN @ SAS,05/04/2026,,San Antonio Spurs,Minnesota Timberwolves,0.8209,2026-05-01T13:37:59,0.8209,high,123.5,108.2,2026-05-04T04:00:00+00:00,MIN's recent games have been played at a faster tempo (possession proxy). / SAS comes in with more rest than MIN (day gap). / Strength signal tilts toward SAS (pre-game Elo win proxy). / SAS has generated more second chances on the glass recently.
MIN @ SAS,05/06/2026,,San Antonio Spurs,Minnesota Timberwolves,0.8165,2026-05-01T13:37:59,0.8165,high,123.5,108.2,2026-05-06T04:00:00+00:00,MIN's recent games have been played at a faster tempo (possession proxy). / SAS comes in with more rest than MIN (day gap). / Strength signal tilts toward SAS (pre-game Elo win proxy). / SAS has generated more second chances on the glass recently.
ORL @ DET,05/03/2026,,Detroit Pistons,Orlando Magic,0.788,2026-05-01T13:37:59,0.788,high,117.4,104.4,2026-05-03T04:00:00+00:00,Strength signal tilts toward DET (pre-game Elo win proxy). / DET has been the sharper shooting team recently (rolling eFG%). / ORL has taken better care of the ball lately (lower turnover rate).
PHI @ BOS,05/02/2026,,Boston Celtics,Philadelphia 76ers,0.726,2026-05-01T13:37:59,0.726,high,106.7,107.8,2026-05-02T23:30:00+00:00,Strength signal tilts toward BOS (pre-game Elo win proxy). / BOS has generated more second chances on the glass recently. / BOS has been the sharper shooting team recently (rolling eFG%). / PHI has taken better care of the ball lately (lower turnover rate).
HOU @ LAL,05/03/2026,,Los Angeles Lakers,Houston Rockets,0.6381,2026-05-01T13:37:59,0.6381,medium,96.0,98.3,2026-05-03T04:00:00+00:00,Strength signal tilts toward LAL (pre-game Elo win proxy). / HOU has generated more second chances on the glass recently. / LAL has been the sharper shooting team recently (rolling eFG%). / HOU has taken better care of the ball lately (lower turnover rate).
CLE @ TOR,05/01/2026,,Toronto Raptors,Cleveland Cavaliers,0.6335,2026-05-01T13:37:59,0.6335,medium,111.7,110.3,2026-05-01T23:30:00+00:00,CLE has generated more second chances on the glass recently. / TOR has lived at the line more often (higher FTA/FGA). / TOR has taken better care of the ball lately (lower turnover rate).
LAL @ HOU,05/01/2026,,Houston Rockets,Los Angeles Lakers,0.5464,2026-05-01T13:37:59,0.5464,low,109.5,102.5,2026-05-02T01:30:00+00:00,HOU has generated more second chances on the glass recently. / LAL has been the sharper shooting team recently (rolling eFG%). / HOU has taken better care of the ball lately (lower turnover rate). / LAL has lived at the line more often (higher FTA/FGA).
DET @ ORL,05/01/2026,,Orlando Magic,Detroit Pistons,0.4825,2026-05-01T13:37:59,0.5175,low,115.1,100.3,2026-05-01T23:00:00+00:00,DET has been the sharper shooting team recently (rolling eFG%). / ORL has taken better care of the ball lately (lower turnover rate).
SAS @ MIN,05/10/2026,,Minnesota Timberwolves,San Antonio Spurs,0.4227,2026-05-01T13:37:59,0.5773,medium,110.8,119.7,2026-05-10T04:00:00+00:00,MIN's recent games have been played at a faster tempo (possession proxy). / Strength signal tilts toward SAS (pre-game Elo win proxy). / SAS has generated more second chances on the glass recently. / SAS has been the sharper shooting team recently (rolling eFG%).
SAS @ MIN,05/08/2026,,Minnesota Timberwolves,San Antonio Spurs,0.4109,2026-05-01T13:37:59,0.5891,medium,110.8,119.5,2026-05-08T04:00:00+00:00,MIN's recent games have been played at a faster tempo (possession proxy). / SAS comes in with more rest than MIN (day gap). / Strength signal tilts toward SAS (pre-game Elo win proxy). / SAS has generated more second chances on the glass recently.
TOR @ CLE,05/03/2026,,Cleveland Cavaliers,Toronto Raptors,0.4016,2026-05-01T13:37:59,0.5984,medium,121.7,118.5,2026-05-03T04:00:00+00:00,Strength signal tilts toward CLE (pre-game Elo win proxy). / CLE has generated more second chances on the glass recently. / TOR has lived at the line more often (higher FTA/FGA). / TOR has taken better care of the ball lately (lower turnover rate).
MIN @ SAS,05/04/2026,,San Antonio Spurs,Minnesota Timberwolves,0.8209,2026-05-01T13:38:24,0.8209,high,123.5,108.2,2026-05-04T04:00:00+00:00,MIN's recent games have been played at a faster tempo (possession proxy). / SAS comes in with more rest than MIN (day gap). / Strength signal tilts toward SAS (pre-game Elo win proxy). / SAS has generated more second chances on the glass recently.
MIN @ SAS,05/06/2026,,San Antonio Spurs,Minnesota Timberwolves,0.8165,2026-05-01T13:38:24,0.8165,high,123.5,108.2,2026-05-06T04:00:00+00:00,MIN's recent games have been played at a faster tempo (possession proxy). / SAS comes in with more rest than MIN (day gap). / Strength signal tilts toward SAS (pre-game Elo win proxy). / SAS has generated more second chances on the glass recently.
ORL @ DET,05/03/2026,,Detroit Pistons,Orlando Magic,0.788,2026-05-01T13:38:24,0.788,high,117.4,104.4,2026-05-03T04:00:00+00:00,Strength signal tilts toward DET (pre-game Elo win proxy). / DET has been the sharper shooting team recently (rolling eFG%). / ORL has taken better care of the ball lately (lower turnover rate).
PHI @ BOS,05/02/2026,,Boston Celtics,Philadelphia 76ers,0.726,2026-05-01T13:38:24,0.726,high,106.7,107.8,2026-05-02T23:30:00+00:00,Strength signal tilts toward BOS (pre-game Elo win proxy). / BOS has generated more second chances on the glass recently. / BOS has been the sharper shooting team recently (rolling eFG%). / PHI has taken better care of the ball lately (lower turnover rate).
HOU @ LAL,05/03/2026,,Los Angeles Lakers,Houston Rockets,0.6381,2026-05-01T13:38:24,0.6381,medium,96.0,98.3,2026-05-03T04:00:00+00:00,Strength signal tilts toward LAL (pre-game Elo win proxy). / HOU has generated more second chances on the glass recently. / LAL has been the sharper shooting team recently (rolling eFG%). / HOU has taken better care of the ball lately (lower turnover rate).
CLE @ TOR,05/01/2026,,Toronto Raptors,Cleveland Cavaliers,0.6335,2026-05-01T13:38:24,0.6335,medium,111.7,110.3,2026-05-01T23:30:00+00:00,CLE has generated more second chances on the glass recently. / TOR has lived at the line more often (higher FTA/FGA). / TOR has taken better care of the ball lately (lower turnover rate).
LAL @ HOU,05/01/2026,,Houston Rockets,Los Angeles Lakers,0.5464,2026-05-01T13:38:24,0.5464,low,109.5,102.5,2026-05-02T01:30:00+00:00,HOU has generated more second chances on the glass recently. / LAL has been the sharper shooting team recently (rolling eFG%). / HOU has taken better care of the ball lately (lower turnover rate). / LAL has lived at the line more often (higher FTA/FGA).
DET @ ORL,05/01/2026,,Orlando Magic,Detroit Pistons,0.4825,2026-05-01T13:38:24,0.5175,low,115.1,100.3,2026-05-01T23:00:00+00:00,DET has been the sharper shooting team recently (rolling eFG%). / ORL has taken better care of the ball lately (lower turnover rate).
SAS @ MIN,05/10/2026,,Minnesota Timberwolves,San Antonio Spurs,0.4227,2026-05-01T13:38:24,0.5773,medium,110.8,119.7,2026-05-10T04:00:00+00:00,MIN's recent games have been played at a faster tempo (possession proxy). / Strength signal tilts toward SAS (pre-game Elo win proxy). / SAS has generated more second chances on the glass recently. / SAS has been the sharper shooting team recently (rolling eFG%).
SAS @ MIN,05/08/2026,,Minnesota Timberwolves,San Antonio Spurs,0.4109,2026-05-01T13:38:24,0.5891,medium,110.8,119.5,2026-05-08T04:00:00+00:00,MIN's recent games have been played at a faster tempo (possession proxy). / SAS comes in with more rest than MIN (day gap). / Strength signal tilts toward SAS (pre-game Elo win proxy). / SAS has generated more second chances on the glass recently.
TOR @ CLE,05/03/2026,,Cleveland Cavaliers,Toronto Raptors,0.4016,2026-05-01T13:38:24,0.5984,medium,121.7,118.5,2026-05-03T04:00:00+00:00,Strength signal tilts toward CLE (pre-game Elo win proxy). / CLE has generated more second chances on the glass recently. / TOR has lived at the line more often (higher FTA/FGA). / TOR has taken better care of the ball lately (lower turnover rate).
MIN @ SAS,05/04/2026,,San Antonio Spurs,Minnesota Timberwolves,0.8209,2026-05-01T13:38:37,0.8209,high,123.5,108.2,2026-05-04T04:00:00+00:00,MIN's recent games have been played at a faster tempo (possession proxy). / SAS comes in with more rest than MIN (day gap). / Strength signal tilts toward SAS (pre-game Elo win proxy). / SAS has generated more second chances on the glass recently.
MIN @ SAS,05/06/2026,,San Antonio Spurs,Minnesota Timberwolves,0.8165,2026-05-01T13:38:37,0.8165,high,123.5,108.2,2026-05-06T04:00:00+00:00,MIN's recent games have been played at a faster tempo (possession proxy). / SAS comes in with more rest than MIN (day gap). / Strength signal tilts toward SAS (pre-game Elo win proxy). / SAS has generated more second chances on the glass recently.
ORL @ DET,05/03/2026,,Detroit Pistons,Orlando Magic,0.788,2026-05-01T13:38:37,0.788,high,117.4,104.4,2026-05-03T04:00:00+00:00,Strength signal tilts toward DET (pre-game Elo win proxy). / DET has been the sharper shooting team recently (rolling eFG%). / ORL has taken better care of the ball lately (lower turnover rate).
PHI @ BOS,05/02/2026,,Boston Celtics,Philadelphia 76ers,0.726,2026-05-01T13:38:37,0.726,high,106.7,107.8,2026-05-02T23:30:00+00:00,Strength signal tilts toward BOS (pre-game Elo win proxy). / BOS has generated more second chances on the glass recently. / BOS has been the sharper shooting team recently (rolling eFG%). / PHI has taken better care of the ball lately (lower turnover rate).
HOU @ LAL,05/03/2026,,Los Angeles Lakers,Houston Rockets,0.6381,2026-05-01T13:38:37,0.6381,medium,96.0,98.3,2026-05-03T04:00:00+00:00,Strength signal tilts toward LAL (pre-game Elo win proxy). / HOU has generated more second chances on the glass recently. / LAL has been the sharper shooting team recently (rolling eFG%). / HOU has taken better care of the ball lately (lower turnover rate).
CLE @ TOR,05/01/2026,,Toronto Raptors,Cleveland Cavaliers,0.6335,2026-05-01T13:38:37,0.6335,medium,111.7,110.3,2026-05-01T23:30:00+00:00,CLE has generated more second chances on the glass recently. / TOR has lived at the line more often (higher FTA/FGA). / TOR has taken better care of the ball lately (lower turnover rate).
LAL @ HOU,05/01/2026,,Houston Rockets,Los Angeles Lakers,0.5464,2026-05-01T13:38:37,0.5464,low,109.5,102.5,2026-05-02T01:30:00+00:00,HOU has generated more second chances on the glass recently. / LAL has been the sharper shooting team recently (rolling eFG%). / HOU has taken better care of the ball lately (lower turnover rate). / LAL has lived at the line more often (higher FTA/FGA).
DET @ ORL,05/01/2026,,Orlando Magic,Detroit Pistons,0.4825,2026-05-01T13:38:37,0.5175,low,115.1,100.3,2026-05-01T23:00:00+00:00,DET has been the sharper shooting team recently (rolling eFG%). / ORL has taken better care of the ball lately (lower turnover rate).
SAS @ MIN,05/10/2026,,Minnesota Timberwolves,San Antonio Spurs,0.4227,2026-05-01T13:38:37,0.5773,medium,110.8,119.7,2026-05-10T04:00:00+00:00,MIN's recent games have been played at a faster tempo (possession proxy). / Strength signal tilts toward SAS (pre-game Elo win proxy). / SAS has generated more second chances on the glass recently. / SAS has been the sharper shooting team recently (rolling eFG%).
SAS @ MIN,05/08/2026,,Minnesota Timberwolves,San Antonio Spurs,0.4109,2026-05-01T13:38:37,0.5891,medium,110.8,119.5,2026-05-08T04:00:00+00:00,MIN's recent games have been played at a faster tempo (possession proxy). / SAS comes in with more rest than MIN (day gap). / Strength signal tilts toward SAS (pre-game Elo win proxy). / SAS has generated more second chances on the glass recently.
TOR @ CLE,05/03/2026,,Cleveland Cavaliers,Toronto Raptors,0.4016,2026-05-01T13:38:37,0.5984,medium,121.7,118.5,2026-05-03T04:00:00+00:00,Strength signal tilts toward CLE (pre-game Elo win proxy). / CLE has generated more second chances on the glass recently. / TOR has lived at the line more often (higher FTA/FGA). / TOR has taken better care of the ball lately (lower turnover rate).
MIN @ SAS,05/04/2026,,San Antonio Spurs,Minnesota Timberwolves,0.8209,2026-05-01T13:40:09,0.8209,high,123.5,108.2,2026-05-04T04:00:00+00:00,MIN's recent games have been played at a faster tempo (possession proxy). / SAS comes in with more rest than MIN (day gap). / Strength signal tilts toward SAS (pre-game Elo win proxy). / SAS has generated more second chances on the glass recently.
MIN @ SAS,05/06/2026,,San Antonio Spurs,Minnesota Timberwolves,0.8165,2026-05-01T13:40:09,0.8165,high,123.5,108.2,2026-05-06T04:00:00+00:00,MIN's recent games have been played at a faster tempo (possession proxy). / SAS comes in with more rest than MIN (day gap). / Strength signal tilts toward SAS (pre-game Elo win proxy). / SAS has generated more second chances on the glass recently.
ORL @ DET,05/03/2026,,Detroit Pistons,Orlando Magic,0.788,2026-05-01T13:40:09,0.788,high,117.4,104.4,2026-05-03T04:00:00+00:00,Strength signal tilts toward DET (pre-game Elo win proxy). / DET has been the sharper shooting team recently (rolling eFG%). / ORL has taken better care of the ball lately (lower turnover rate).
PHI @ BOS,05/02/2026,,Boston Celtics,Philadelphia 76ers,0.726,2026-05-01T13:40:09,0.726,high,106.7,107.8,2026-05-02T23:30:00+00:00,Strength signal tilts toward BOS (pre-game Elo win proxy). / BOS has generated more second chances on the glass recently. / BOS has been the sharper shooting team recently (rolling eFG%). / PHI has taken better care of the ball lately (lower turnover rate).
HOU @ LAL,05/03/2026,,Los Angeles Lakers,Houston Rockets,0.6381,2026-05-01T13:40:09,0.6381,medium,96.0,98.3,2026-05-03T04:00:00+00:00,Strength signal tilts toward LAL (pre-game Elo win proxy). / HOU has generated more second chances on the glass recently. / LAL has been the sharper shooting team recently (rolling eFG%). / HOU has taken better care of the ball lately (lower turnover rate).
CLE @ TOR,05/01/2026,,Toronto Raptors,Cleveland Cavaliers,0.6335,2026-05-01T13:40:09,0.6335,medium,111.7,110.3,2026-05-01T23:30:00+00:00,CLE has generated more second chances on the glass recently. / TOR has lived at the line more often (higher FTA/FGA). / TOR has taken better care of the ball lately (lower turnover rate).
LAL @ HOU,05/01/2026,,Houston Rockets,Los Angeles Lakers,0.5464,2026-05-01T13:40:09,0.5464,low,109.5,102.5,2026-05-02T01:30:00+00:00,HOU has generated more second chances on the glass recently. / LAL has been the sharper shooting team recently (rolling eFG%). / HOU has taken better care of the ball lately (lower turnover rate). / LAL has lived at the line more often (higher FTA/FGA).
DET @ ORL,05/01/2026,,Orlando Magic,Detroit Pistons,0.4825,2026-05-01T13:40:09,0.5175,low,115.1,100.3,2026-05-01T23:00:00+00:00,DET has been the sharper shooting team recently (rolling eFG%). / ORL has taken better care of the ball lately (lower turnover rate).
SAS @ MIN,05/10/2026,,Minnesota Timberwolves,San Antonio Spurs,0.4227,2026-05-01T13:40:09,0.5773,medium,110.8,119.7,2026-05-10T04:00:00+00:00,MIN's recent games have been played at a faster tempo (possession proxy). / Strength signal tilts toward SAS (pre-game Elo win proxy). / SAS has generated more second chances on the glass recently. / SAS has been the sharper shooting team recently (rolling eFG%).
SAS @ MIN,05/08/2026,,Minnesota Timberwolves,San Antonio Spurs,0.4109,2026-05-01T13:40:09,0.5891,medium,110.8,119.5,2026-05-08T04:00:00+00:00,MIN's recent games have been played at a faster tempo (possession proxy). / SAS comes in with more rest than MIN (day gap). / Strength signal tilts toward SAS (pre-game Elo win proxy). / SAS has generated more second chances on the glass recently.
TOR @ CLE,05/03/2026,,Cleveland Cavaliers,Toronto Raptors,0.4016,2026-05-01T13:40:09,0.5984,medium,121.7,118.5,2026-05-03T04:00:00+00:00,Strength signal tilts toward CLE (pre-game Elo win proxy). / CLE has generated more second chances on the glass recently. / TOR has lived at the line more often (higher FTA/FGA). / TOR has taken better care of the ball lately (lower turnover rate).
MIN @ SAS,05/04/2026,,San Antonio Spurs,Minnesota Timberwolves,0.8209,2026-05-01T13:44:10,0.8209,high,123.5,108.2,2026-05-04T04:00:00+00:00,MIN's recent games have been played at a faster tempo (possession proxy). / SAS comes in with more rest than MIN (day gap). / Strength signal tilts toward SAS (pre-game Elo win proxy). / SAS has generated more second chances on the glass recently.
MIN @ SAS,05/06/2026,,San Antonio Spurs,Minnesota Timberwolves,0.8165,2026-05-01T13:44:10,0.8165,high,123.5,108.2,2026-05-06T04:00:00+00:00,MIN's recent games have been played at a faster tempo (possession proxy). / SAS comes in with more rest than MIN (day gap). / Strength signal tilts toward SAS (pre-game Elo win proxy). / SAS has generated more second chances on the glass recently.
ORL @ DET,05/03/2026,,Detroit Pistons,Orlando Magic,0.788,2026-05-01T13:44:10,0.788,high,117.4,104.4,2026-05-03T04:00:00+00:00,Strength signal tilts toward DET (pre-game Elo win proxy). / DET has been the sharper shooting team recently (rolling eFG%). / ORL has taken better care of the ball lately (lower turnover rate).
PHI @ BOS,05/02/2026,,Boston Celtics,Philadelphia 76ers,0.726,2026-05-01T13:44:10,0.726,high,106.7,107.8,2026-05-02T23:30:00+00:00,Strength signal tilts toward BOS (pre-game Elo win proxy). / BOS has generated more second chances on the glass recently. / BOS has been the sharper shooting team recently (rolling eFG%). / PHI has taken better care of the ball lately (lower turnover rate).
HOU @ LAL,05/03/2026,,Los Angeles Lakers,Houston Rockets,0.6381,2026-05-01T13:44:10,0.6381,medium,96.0,98.3,2026-05-03T04:00:00+00:00,Strength signal tilts toward LAL (pre-game Elo win proxy). / HOU has generated more second chances on the glass recently. / LAL has been the sharper shooting team recently (rolling eFG%). / HOU has taken better care of the ball lately (lower turnover rate).
CLE @ TOR,05/01/2026,,Toronto Raptors,Cleveland Cavaliers,0.6335,2026-05-01T13:44:10,0.6335,medium,111.7,110.3,2026-05-01T23:30:00+00:00,CLE has generated more second chances on the glass recently. / TOR has lived at the line more often (higher FTA/FGA). / TOR has taken better care of the ball lately (lower turnover rate).
LAL @ HOU,05/01/2026,,Houston Rockets,Los Angeles Lakers,0.5464,2026-05-01T13:44:10,0.5464,low,109.5,102.5,2026-05-02T01:30:00+00:00,HOU has generated more second chances on the glass recently. / LAL has been the sharper shooting team recently (rolling eFG%). / HOU has taken better care of the ball lately (lower turnover rate). / LAL has lived at the line more often (higher FTA/FGA).
DET @ ORL,05/01/2026,,Orlando Magic,Detroit Pistons,0.4825,2026-05-01T13:44:10,0.5175,low,115.1,100.3,2026-05-01T23:00:00+00:00,DET has been the sharper shooting team recently (rolling eFG%). / ORL has taken better care of the ball lately (lower turnover rate).
SAS @ MIN,05/10/2026,,Minnesota Timberwolves,San Antonio Spurs,0.4227,2026-05-01T13:44:10,0.5773,medium,110.8,119.7,2026-05-10T04:00:00+00:00,MIN's recent games have been played at a faster tempo (possession proxy). / Strength signal tilts toward SAS (pre-game Elo win proxy). / SAS has generated more second chances on the glass recently. / SAS has been the sharper shooting team recently (rolling eFG%).
SAS @ MIN,05/08/2026,,Minnesota Timberwolves,San Antonio Spurs,0.4109,2026-05-01T13:44:10,0.5891,medium,110.8,119.5,2026-05-08T04:00:00+00:00,MIN's recent games have been played at a faster tempo (possession proxy). / SAS comes in with more rest than MIN (day gap). / Strength signal tilts toward SAS (pre-game Elo win proxy). / SAS has generated more second chances on the glass recently.
TOR @ CLE,05/03/2026,,Cleveland Cavaliers,Toronto Raptors,0.4016,2026-05-01T13:44:10,0.5984,medium,121.7,118.5,2026-05-03T04:00:00+00:00,Strength signal tilts toward CLE (pre-game Elo win proxy). / CLE has generated more second chances on the glass recently. / TOR has lived at the line more often (higher FTA/FGA). / TOR has taken better care of the ball lately (lower turnover rate).
MIN @ SAS,05/04/2026,,San Antonio Spurs,Minnesota Timberwolves,0.8209,2026-05-01T13:44:37,0.8209,high,123.5,108.2,2026-05-04T04:00:00+00:00,MIN's recent games have been played at a faster tempo (possession proxy). / SAS comes in with more rest than MIN (day gap). / Strength signal tilts toward SAS (pre-game Elo win proxy). / SAS has generated more second chances on the glass recently.
MIN @ SAS,05/06/2026,,San Antonio Spurs,Minnesota Timberwolves,0.8165,2026-05-01T13:44:37,0.8165,high,123.5,108.2,2026-05-06T04:00:00+00:00,MIN's recent games have been played at a faster tempo (possession proxy). / SAS comes in with more rest than MIN (day gap). / Strength signal tilts toward SAS (pre-game Elo win proxy). / SAS has generated more second chances on the glass recently.
ORL @ DET,05/03/2026,,Detroit Pistons,Orlando Magic,0.788,2026-05-01T13:44:37,0.788,high,117.4,104.4,2026-05-03T04:00:00+00:00,Strength signal tilts toward DET (pre-game Elo win proxy). / DET has been the sharper shooting team recently (rolling eFG%). / ORL has taken better care of the ball lately (lower turnover rate).
PHI @ BOS,05/02/2026,,Boston Celtics,Philadelphia 76ers,0.726,2026-05-01T13:44:37,0.726,high,106.7,107.8,2026-05-02T23:30:00+00:00,Strength signal tilts toward BOS (pre-game Elo win proxy). / BOS has generated more second chances on the glass recently. / BOS has been the sharper shooting team recently (rolling eFG%). / PHI has taken better care of the ball lately (lower turnover rate).
HOU @ LAL,05/03/2026,,Los Angeles Lakers,Houston Rockets,0.6381,2026-05-01T13:44:37,0.6381,medium,96.0,98.3,2026-05-03T04:00:00+00:00,Strength signal tilts toward LAL (pre-game Elo win proxy). / HOU has generated more second chances on the glass recently. / LAL has been the sharper shooting team recently (rolling eFG%). / HOU has taken better care of the ball lately (lower turnover rate).
CLE @ TOR,05/01/2026,,Toronto Raptors,Cleveland Cavaliers,0.6335,2026-05-01T13:44:37,0.6335,medium,111.7,110.3,,CLE has generated more second chances on the glass recently. / TOR has lived at the line more often (higher FTA/FGA). / TOR has taken better care of the ball lately (lower turnover rate).
LAL @ HOU,05/01/2026,,Houston Rockets,Los Angeles Lakers,0.5464,2026-05-01T13:44:37,0.5464,low,109.5,102.5,,HOU has generated more second chances on the glass recently. / LAL has been the sharper shooting team recently (rolling eFG%). / HOU has taken better care of the ball lately (lower turnover rate). / LAL has lived at the line more often (higher FTA/FGA).
DET @ ORL,05/01/2026,,Orlando Magic,Detroit Pistons,0.4825,2026-05-01T13:44:37,0.5175,low,115.1,100.3,,DET has been the sharper shooting team recently (rolling eFG%). / ORL has taken better care of the ball lately (lower turnover rate).
SAS @ MIN,05/10/2026,,Minnesota Timberwolves,San Antonio Spurs,0.4227,2026-05-01T13:44:37,0.5773,medium,110.8,119.7,2026-05-10T04:00:00+00:00,MIN's recent games have been played at a faster tempo (possession proxy). / Strength signal tilts toward SAS (pre-game Elo win proxy). / SAS has generated more second chances on the glass recently. / SAS has been the sharper shooting team recently (rolling eFG%).
SAS @ MIN,05/08/2026,,Minnesota Timberwolves,San Antonio Spurs,0.4109,2026-05-01T13:44:37,0.5891,medium,110.8,119.5,2026-05-08T04:00:00+00:00,MIN's recent games have been played at a faster tempo (possession proxy). / SAS comes in with more rest than MIN (day gap). / Strength signal tilts toward SAS (pre-game Elo win proxy). / SAS has generated more second chances on the glass recently.
TOR @ CLE,05/03/2026,,Cleveland Cavaliers,Toronto Raptors,0.4016,2026-05-01T13:44:37,0.5984,medium,121.7,118.5,2026-05-03T04:00:00+00:00,Strength signal tilts toward CLE (pre-game Elo win proxy). / CLE has generated more second chances on the glass recently. / TOR has lived at the line more often (higher FTA/FGA). / TOR has taken better care of the ball lately (lower turnover rate).
OKC @ PHX,05/01/2026,,Phoenix Suns,Oklahoma City Thunder,0.2646,2026-05-01T13:44:37,0.7354,high,118.5,126.8,,Strength signal tilts toward OKC (pre-game Elo win proxy). / OKC has taken better care of the ball lately (lower turnover rate). / PHX has generated more second chances on the glass recently. / OKC has been the sharper shooting team recently (rolling eFG%).
MIN @ SAS,05/04/2026,,San Antonio Spurs,Minnesota Timberwolves,0.8209,2026-05-01T13:56:57,0.8209,high,123.5,108.2,2026-05-04T04:00:00+00:00,MIN's recent games have been played at a faster tempo (possession proxy). / SAS comes in with more rest than MIN (day gap). / Strength signal tilts toward SAS (pre-game Elo win proxy). / SAS has generated more second chances on the glass recently.
MIN @ SAS,05/06/2026,,San Antonio Spurs,Minnesota Timberwolves,0.8165,2026-05-01T13:56:57,0.8165,high,123.5,108.2,2026-05-06T04:00:00+00:00,MIN's recent games have been played at a faster tempo (possession proxy). / SAS comes in with more rest than MIN (day gap). / Strength signal tilts toward SAS (pre-game Elo win proxy). / SAS has generated more second chances on the glass recently.
ORL @ DET,05/03/2026,,Detroit Pistons,Orlando Magic,0.788,2026-05-01T13:56:57,0.788,high,117.4,104.4,2026-05-03T04:00:00+00:00,Strength signal tilts toward DET (pre-game Elo win proxy). / DET has been the sharper shooting team recently (rolling eFG%). / ORL has taken better care of the ball lately (lower turnover rate).
PHI @ BOS,05/02/2026,,Boston Celtics,Philadelphia 76ers,0.726,2026-05-01T13:56:57,0.726,high,106.7,107.8,2026-05-02T23:30:00+00:00,Strength signal tilts toward BOS (pre-game Elo win proxy). / BOS has generated more second chances on the glass recently. / BOS has been the sharper shooting team recently (rolling eFG%). / PHI has taken better care of the ball lately (lower turnover rate).
HOU @ LAL,05/03/2026,,Los Angeles Lakers,Houston Rockets,0.6381,2026-05-01T13:56:57,0.6381,medium,96.0,98.3,2026-05-03T04:00:00+00:00,Strength signal tilts toward LAL (pre-game Elo win proxy). / HOU has generated more second chances on the glass recently. / LAL has been the sharper shooting team recently (rolling eFG%). / HOU has taken better care of the ball lately (lower turnover rate).
CLE @ TOR,05/01/2026,,Toronto Raptors,Cleveland Cavaliers,0.6335,2026-05-01T13:56:57,0.6335,medium,111.7,110.3,2026-05-01T23:30:00+00:00,CLE has generated more second chances on the glass recently. / TOR has lived at the line more often (higher FTA/FGA). / TOR has taken better care of the ball lately (lower turnover rate).
LAL @ HOU,05/01/2026,,Houston Rockets,Los Angeles Lakers,0.5464,2026-05-01T13:56:57,0.5464,low,109.5,102.5,2026-05-02T01:30:00+00:00,HOU has generated more second chances on the glass recently. / LAL has been the sharper shooting team recently (rolling eFG%). / HOU has taken better care of the ball lately (lower turnover rate). / LAL has lived at the line more often (higher FTA/FGA).
DET @ ORL,05/01/2026,,Orlando Magic,Detroit Pistons,0.4825,2026-05-01T13:56:57,0.5175,low,115.1,100.3,2026-05-01T23:00:00+00:00,DET has been the sharper shooting team recently (rolling eFG%). / ORL has taken better care of the ball lately (lower turnover rate).
SAS @ MIN,05/10/2026,,Minnesota Timberwolves,San Antonio Spurs,0.4227,2026-05-01T13:56:57,0.5773,medium,110.8,119.7,2026-05-10T04:00:00+00:00,MIN's recent games have been played at a faster tempo (possession proxy). / Strength signal tilts toward SAS (pre-game Elo win proxy). / SAS has generated more second chances on the glass recently. / SAS has been the sharper shooting team recently (rolling eFG%).
SAS @ MIN,05/08/2026,,Minnesota Timberwolves,San Antonio Spurs,0.4109,2026-05-01T13:56:57,0.5891,medium,110.8,119.5,2026-05-08T04:00:00+00:00,MIN's recent games have been played at a faster tempo (possession proxy). / SAS comes in with more rest than MIN (day gap). / Strength signal tilts toward SAS (pre-game Elo win proxy). / SAS has generated more second chances on the glass recently.
TOR @ CLE,05/03/2026,,Cleveland Cavaliers,Toronto Raptors,0.4016,2026-05-01T13:56:57,0.5984,medium,121.7,118.5,2026-05-03T04:00:00+00:00,Strength signal tilts toward CLE (pre-game Elo win proxy). / CLE has generated more second chances on the glass recently. / TOR has lived at the line more often (higher FTA/FGA). / TOR has taken better care of the ball lately (lower turnover rate).
MIN @ SAS,05/04/2026,,San Antonio Spurs,Minnesota Timberwolves,0.8209,2026-05-01T13:58:33,0.8209,high,123.5,108.2,2026-05-04T04:00:00+00:00,MIN's recent games have been played at a faster tempo (possession proxy). / SAS comes in with more rest than MIN (day gap). / Strength signal tilts toward SAS (pre-game Elo win proxy). / SAS has generated more second chances on the glass recently.
MIN @ SAS,05/06/2026,,San Antonio Spurs,Minnesota Timberwolves,0.8165,2026-05-01T13:58:33,0.8165,high,123.5,108.2,2026-05-06T04:00:00+00:00,MIN's recent games have been played at a faster tempo (possession proxy). / SAS comes in with more rest than MIN (day gap). / Strength signal tilts toward SAS (pre-game Elo win proxy). / SAS has generated more second chances on the glass recently.
ORL @ DET,05/03/2026,,Detroit Pistons,Orlando Magic,0.788,2026-05-01T13:58:33,0.788,high,117.4,104.4,2026-05-03T04:00:00+00:00,Strength signal tilts toward DET (pre-game Elo win proxy). / DET has been the sharper shooting team recently (rolling eFG%). / ORL has taken better care of the ball lately (lower turnover rate).
PHI @ BOS,05/02/2026,,Boston Celtics,Philadelphia 76ers,0.726,2026-05-01T13:58:33,0.726,high,106.7,107.8,2026-05-02T23:30:00+00:00,Strength signal tilts toward BOS (pre-game Elo win proxy). / BOS has generated more second chances on the glass recently. / BOS has been the sharper shooting team recently (rolling eFG%). / PHI has taken better care of the ball lately (lower turnover rate).
HOU @ LAL,05/03/2026,,Los Angeles Lakers,Houston Rockets,0.6381,2026-05-01T13:58:33,0.6381,medium,96.0,98.3,2026-05-03T04:00:00+00:00,Strength signal tilts toward LAL (pre-game Elo win proxy). / HOU has generated more second chances on the glass recently. / LAL has been the sharper shooting team recently (rolling eFG%). / HOU has taken better care of the ball lately (lower turnover rate).
CLE @ TOR,05/01/2026,,Toronto Raptors,Cleveland Cavaliers,0.6335,2026-05-01T13:58:33,0.6335,medium,111.7,110.3,2026-05-01T23:30:00+00:00,CLE has generated more second chances on the glass recently. / TOR has lived at the line more often (higher FTA/FGA). / TOR has taken better care of the ball lately (lower turnover rate).
LAL @ HOU,05/01/2026,,Houston Rockets,Los Angeles Lakers,0.5464,2026-05-01T13:58:33,0.5464,low,109.5,102.5,2026-05-02T01:30:00+00:00,HOU has generated more second chances on the glass recently. / LAL has been the sharper shooting team recently (rolling eFG%). / HOU has taken better care of the ball lately (lower turnover rate). / LAL has lived at the line more often (higher FTA/FGA).
DET @ ORL,05/01/2026,,Orlando Magic,Detroit Pistons,0.4825,2026-05-01T13:58:33,0.5175,low,115.1,100.3,2026-05-01T23:00:00+00:00,DET has been the sharper shooting team recently (rolling eFG%). / ORL has taken better care of the ball lately (lower turnover rate).
SAS @ MIN,05/08/2026,,Minnesota Timberwolves,San Antonio Spurs,0.4109,2026-05-01T13:58:33,0.5891,medium,110.8,119.5,2026-05-08T04:00:00+00:00,MIN's recent games have been played at a faster tempo (possession proxy). / SAS comes in with more rest than MIN (day gap). / Strength signal tilts toward SAS (pre-game Elo win proxy). / SAS has generated more second chances on the glass recently.
TOR @ CLE,05/03/2026,,Cleveland Cavaliers,Toronto Raptors,0.4016,2026-05-01T13:58:33,0.5984,medium,121.7,118.5,2026-05-03T04:00:00+00:00,Strength signal tilts toward CLE (pre-game Elo win proxy). / CLE has generated more second chances on the glass recently. / TOR has lived at the line more often (higher FTA/FGA). / TOR has taken better care of the ball lately (lower turnover rate).
MIN @ SAS,05/04/2026,,San Antonio Spurs,Minnesota Timberwolves,0.8209,2026-05-01T13:58:33,0.8209,high,123.5,108.2,2026-05-04T04:00:00+00:00,MIN's recent games have been played at a faster tempo (possession proxy). / SAS comes in with more rest than MIN (day gap). / Strength signal tilts toward SAS (pre-game Elo win proxy). / SAS has generated more second chances on the glass recently.
MIN @ SAS,05/06/2026,,San Antonio Spurs,Minnesota Timberwolves,0.8165,2026-05-01T13:58:33,0.8165,high,123.5,108.2,2026-05-06T04:00:00+00:00,MIN's recent games have been played at a faster tempo (possession proxy). / SAS comes in with more rest than MIN (day gap). / Strength signal tilts toward SAS (pre-game Elo win proxy). / SAS has generated more second chances on the glass recently.
ORL @ DET,05/03/2026,,Detroit Pistons,Orlando Magic,0.788,2026-05-01T13:58:33,0.788,high,117.4,104.4,2026-05-03T04:00:00+00:00,Strength signal tilts toward DET (pre-game Elo win proxy). / DET has been the sharper shooting team recently (rolling eFG%). / ORL has taken better care of the ball lately (lower turnover rate).
PHI @ BOS,05/02/2026,,Boston Celtics,Philadelphia 76ers,0.726,2026-05-01T13:58:33,0.726,high,106.7,107.8,2026-05-02T23:30:00+00:00,Strength signal tilts toward BOS (pre-game Elo win proxy). / BOS has generated more second chances on the glass recently. / BOS has been the sharper shooting team recently (rolling eFG%). / PHI has taken better care of the ball lately (lower turnover rate).
HOU @ LAL,05/03/2026,,Los Angeles Lakers,Houston Rockets,0.6381,2026-05-01T13:58:33,0.6381,medium,96.0,98.3,2026-05-03T04:00:00+00:00,Strength signal tilts toward LAL (pre-game Elo win proxy). / HOU has generated more second chances on the glass recently. / LAL has been the sharper shooting team recently (rolling eFG%). / HOU has taken better care of the ball lately (lower turnover rate).
CLE @ TOR,05/01/2026,,Toronto Raptors,Cleveland Cavaliers,0.6335,2026-05-01T13:58:33,0.6335,medium,111.7,110.3,2026-05-01T23:30:00+00:00,CLE has generated more second chances on the glass recently. / TOR has lived at the line more often (higher FTA/FGA). / TOR has taken better care of the ball lately (lower turnover rate).
LAL @ HOU,05/01/2026,,Houston Rockets,Los Angeles Lakers,0.5464,2026-05-01T13:58:33,0.5464,low,109.5,102.5,2026-05-02T01:30:00+00:00,HOU has generated more second chances on the glass recently. / LAL has been the sharper shooting team recently (rolling eFG%). / HOU has taken better care of the ball lately (lower turnover rate). / LAL has lived at the line more often (higher FTA/FGA).
DET @ ORL,05/01/2026,,Orlando Magic,Detroit Pistons,0.4825,2026-05-01T13:58:33,0.5175,low,115.1,100.3,2026-05-01T23:00:00+00:00,DET has been the sharper shooting team recently (rolling eFG%). / ORL has taken better care of the ball lately (lower turnover rate).
SAS @ MIN,05/08/2026,,Minnesota Timberwolves,San Antonio Spurs,0.4109,2026-05-01T13:58:33,0.5891,medium,110.8,119.5,2026-05-08T04:00:00+00:00,MIN's recent games have been played at a faster tempo (possession proxy). / SAS comes in with more rest than MIN (day gap). / Strength signal tilts toward SAS (pre-game Elo win proxy). / SAS has generated more second chances on the glass recently.
TOR @ CLE,05/03/2026,,Cleveland Cavaliers,Toronto Raptors,0.4016,2026-05-01T13:58:33,0.5984,medium,121.7,118.5,2026-05-03T04:00:00+00:00,Strength signal tilts toward CLE (pre-game Elo win proxy). / CLE has generated more second chances on the glass recently. / TOR has lived at the line more often (higher FTA/FGA). / TOR has taken better care of the ball lately (lower turnover rate).
MIN @ SAS,05/04/2026,,San Antonio Spurs,Minnesota Timberwolves,0.8209,2026-05-01T14:27:58,0.8209,high,123.5,108.2,2026-05-04T04:00:00+00:00,MIN's recent games have been played at a faster tempo (possession proxy). / SAS comes in with more rest than MIN (day gap). / Strength signal tilts toward SAS (pre-game Elo win proxy). / SAS has generated more second chances on the glass recently.
MIN @ SAS,05/06/2026,,San Antonio Spurs,Minnesota Timberwolves,0.8165,2026-05-01T14:27:58,0.8165,high,123.5,108.2,2026-05-06T04:00:00+00:00,MIN's recent games have been played at a faster tempo (possession proxy). / SAS comes in with more rest than MIN (day gap). / Strength signal tilts toward SAS (pre-game Elo win proxy). / SAS has generated more second chances on the glass recently.
ORL @ DET,05/03/2026,,Detroit Pistons,Orlando Magic,0.788,2026-05-01T14:27:58,0.788,high,117.4,104.4,2026-05-03T04:00:00+00:00,Strength signal tilts toward DET (pre-game Elo win proxy). / DET has been the sharper shooting team recently (rolling eFG%). / ORL has taken better care of the ball lately (lower turnover rate).
PHI @ BOS,05/02/2026,,Boston Celtics,Philadelphia 76ers,0.726,2026-05-01T14:27:58,0.726,high,106.7,107.8,2026-05-02T23:30:00+00:00,Strength signal tilts toward BOS (pre-game Elo win proxy). / BOS has generated more second chances on the glass recently. / BOS has been the sharper shooting team recently (rolling eFG%). / PHI has taken better care of the ball lately (lower turnover rate).
HOU @ LAL,05/03/2026,,Los Angeles Lakers,Houston Rockets,0.6381,2026-05-01T14:27:58,0.6381,medium,96.0,98.3,2026-05-03T04:00:00+00:00,Strength signal tilts toward LAL (pre-game Elo win proxy). / HOU has generated more second chances on the glass recently. / LAL has been the sharper shooting team recently (rolling eFG%). / HOU has taken better care of the ball lately (lower turnover rate).
CLE @ TOR,05/01/2026,,Toronto Raptors,Cleveland Cavaliers,0.6335,2026-05-01T14:27:58,0.6335,medium,111.7,110.3,2026-05-01T23:30:00+00:00,CLE has generated more second chances on the glass recently. / TOR has lived at the line more often (higher FTA/FGA). / TOR has taken better care of the ball lately (lower turnover rate).
LAL @ HOU,05/01/2026,,Houston Rockets,Los Angeles Lakers,0.5464,2026-05-01T14:27:58,0.5464,low,109.5,102.5,2026-05-02T01:30:00+00:00,HOU has generated more second chances on the glass recently. / LAL has been the sharper shooting team recently (rolling eFG%). / HOU has taken better care of the ball lately (lower turnover rate). / LAL has lived at the line more often (higher FTA/FGA).
DET @ ORL,05/01/2026,,Orlando Magic,Detroit Pistons,0.4825,2026-05-01T14:27:58,0.5175,low,115.1,100.3,2026-05-01T23:00:00+00:00,DET has been the sharper shooting team recently (rolling eFG%). / ORL has taken better care of the ball lately (lower turnover rate).
SAS @ MIN,05/10/2026,,Minnesota Timberwolves,San Antonio Spurs,0.4227,2026-05-01T14:27:58,0.5773,medium,110.8,119.7,2026-05-10T04:00:00+00:00,MIN's recent games have been played at a faster tempo (possession proxy). / Strength signal tilts toward SAS (pre-game Elo win proxy). / SAS has generated more second chances on the glass recently. / SAS has been the sharper shooting team recently (rolling eFG%).
SAS @ MIN,05/08/2026,,Minnesota Timberwolves,San Antonio Spurs,0.4109,2026-05-01T14:27:58,0.5891,medium,110.8,119.5,2026-05-08T04:00:00+00:00,MIN's recent games have been played at a faster tempo (possession proxy). / SAS comes in with more rest than MIN (day gap). / Strength signal tilts toward SAS (pre-game Elo win proxy). / SAS has generated more second chances on the glass recently.
TOR @ CLE,05/03/2026,,Cleveland Cavaliers,Toronto Raptors,0.4016,2026-05-01T14:27:58,0.5984,medium,121.7,118.5,2026-05-03T04:00:00+00:00,Strength signal tilts toward CLE (pre-game Elo win proxy). / CLE has generated more second chances on the glass recently. / TOR has lived at the line more often (higher FTA/FGA). / TOR has taken better care of the ball lately (lower turnover rate).
MIN @ SAS,05/04/2026,,San Antonio Spurs,Minnesota Timberwolves,0.8209,2026-05-01T14:30:49,0.8209,high,123.5,108.2,2026-05-04T04:00:00+00:00,MIN's recent games have been played at a faster tempo (possession proxy). / SAS comes in with more rest than MIN (day gap). / Strength signal tilts toward SAS (pre-game Elo win proxy). / SAS has generated more second chances on the glass recently.
MIN @ SAS,05/06/2026,,San Antonio Spurs,Minnesota Timberwolves,0.8165,2026-05-01T14:30:49,0.8165,high,123.5,108.2,2026-05-06T04:00:00+00:00,MIN's recent games have been played at a faster tempo (possession proxy). / SAS comes in with more rest than MIN (day gap). / Strength signal tilts toward SAS (pre-game Elo win proxy). / SAS has generated more second chances on the glass recently.
ORL @ DET,05/03/2026,,Detroit Pistons,Orlando Magic,0.788,2026-05-01T14:30:49,0.788,high,117.4,104.4,2026-05-03T04:00:00+00:00,Strength signal tilts toward DET (pre-game Elo win proxy). / DET has been the sharper shooting team recently (rolling eFG%). / ORL has taken better care of the ball lately (lower turnover rate).
PHI @ BOS,05/02/2026,,Boston Celtics,Philadelphia 76ers,0.726,2026-05-01T14:30:49,0.726,high,106.7,107.8,2026-05-02T23:30:00+00:00,Strength signal tilts toward BOS (pre-game Elo win proxy). / BOS has generated more second chances on the glass recently. / BOS has been the sharper shooting team recently (rolling eFG%). / PHI has taken better care of the ball lately (lower turnover rate).
HOU @ LAL,05/03/2026,,Los Angeles Lakers,Houston Rockets,0.6381,2026-05-01T14:30:49,0.6381,medium,96.0,98.3,2026-05-03T04:00:00+00:00,Strength signal tilts toward LAL (pre-game Elo win proxy). / HOU has generated more second chances on the glass recently. / LAL has been the sharper shooting team recently (rolling eFG%). / HOU has taken better care of the ball lately (lower turnover rate).
CLE @ TOR,05/01/2026,,Toronto Raptors,Cleveland Cavaliers,0.6335,2026-05-01T14:30:49,0.6335,medium,111.7,110.3,2026-05-01T23:30:00+00:00,CLE has generated more second chances on the glass recently. / TOR has lived at the line more often (higher FTA/FGA). / TOR has taken better care of the ball lately (lower turnover rate).
LAL @ HOU,05/01/2026,,Houston Rockets,Los Angeles Lakers,0.5464,2026-05-01T14:30:49,0.5464,low,109.5,102.5,2026-05-02T01:30:00+00:00,HOU has generated more second chances on the glass recently. / LAL has been the sharper shooting team recently (rolling eFG%). / HOU has taken better care of the ball lately (lower turnover rate). / LAL has lived at the line more often (higher FTA/FGA).
DET @ ORL,05/01/2026,,Orlando Magic,Detroit Pistons,0.4825,2026-05-01T14:30:49,0.5175,low,115.1,100.3,2026-05-01T23:00:00+00:00,DET has been the sharper shooting team recently (rolling eFG%). / ORL has taken better care of the ball lately (lower turnover rate).
SAS @ MIN,05/10/2026,,Minnesota Timberwolves,San Antonio Spurs,0.4227,2026-05-01T14:30:49,0.5773,medium,110.8,119.7,2026-05-10T04:00:00+00:00,MIN's recent games have been played at a faster tempo (possession proxy). / Strength signal tilts toward SAS (pre-game Elo win proxy). / SAS has generated more second chances on the glass recently. / SAS has been the sharper shooting team recently (rolling eFG%).
SAS @ MIN,05/08/2026,,Minnesota Timberwolves,San Antonio Spurs,0.4109,2026-05-01T14:30:49,0.5891,medium,110.8,119.5,2026-05-08T04:00:00+00:00,MIN's recent games have been played at a faster tempo (possession proxy). / SAS comes in with more rest than MIN (day gap). / Strength signal tilts toward SAS (pre-game Elo win proxy). / SAS has generated more second chances on the glass recently.
TOR @ CLE,05/03/2026,,Cleveland Cavaliers,Toronto Raptors,0.4016,2026-05-01T14:30:49,0.5984,medium,121.7,118.5,2026-05-03T04:00:00+00:00,Strength signal tilts toward CLE (pre-game Elo win proxy). / CLE has generated more second chances on the glass recently. / TOR has lived at the line more often (higher FTA/FGA). / TOR has taken better care of the ball lately (lower turnover rate).
ORL @ DET,05/03/2026,,Detroit Pistons,Orlando Magic,0.788,2026-05-01T14:30:56,0.788,high,117.4,104.4,2026-05-03T04:00:00+00:00,Strength signal tilts toward DET (pre-game Elo win proxy). / DET has been the sharper shooting team recently (rolling eFG%). / ORL has taken better care of the ball lately (lower turnover rate).
PHI @ BOS,05/02/2026,,Boston Celtics,Philadelphia 76ers,0.726,2026-05-01T14:30:56,0.726,high,106.7,107.8,2026-05-02T23:30:00+00:00,Strength signal tilts toward BOS (pre-game Elo win proxy). / BOS has generated more second chances on the glass recently. / BOS has been the sharper shooting team recently (rolling eFG%). / PHI has taken better care of the ball lately (lower turnover rate).
CLE @ TOR,05/01/2026,,Toronto Raptors,Cleveland Cavaliers,0.6335,2026-05-01T14:30:56,0.6335,medium,111.7,110.3,2026-05-01T23:30:00+00:00,CLE has generated more second chances on the glass recently. / TOR has lived at the line more often (higher FTA/FGA). / TOR has taken better care of the ball lately (lower turnover rate).
LAL @ HOU,05/01/2026,,Houston Rockets,Los Angeles Lakers,0.5464,2026-05-01T14:30:56,0.5464,low,109.5,102.5,2026-05-02T01:30:00+00:00,HOU has generated more second chances on the glass recently. / LAL has been the sharper shooting team recently (rolling eFG%). / HOU has taken better care of the ball lately (lower turnover rate). / LAL has lived at the line more often (higher FTA/FGA).
DET @ ORL,05/01/2026,,Orlando Magic,Detroit Pistons,0.4825,2026-05-01T14:30:56,0.5175,low,115.1,100.3,2026-05-01T23:00:00+00:00,DET has been the sharper shooting team recently (rolling eFG%). / ORL has taken better care of the ball lately (lower turnover rate).
ORL @ DET,05/03/2026,,Detroit Pistons,Orlando Magic,0.788,2026-05-01T15:10:36,0.788,high,117.4,104.4,2026-05-03T04:00:00+00:00,Strength signal tilts toward DET (pre-game Elo win proxy). / DET has been the sharper shooting team recently (rolling eFG%). / ORL has taken better care of the ball lately (lower turnover rate).
PHI @ BOS,05/02/2026,,Boston Celtics,Philadelphia 76ers,0.726,2026-05-01T15:10:36,0.726,high,106.7,107.8,2026-05-02T23:30:00+00:00,Strength signal tilts toward BOS (pre-game Elo win proxy). / BOS has generated more second chances on the glass recently. / BOS has been the sharper shooting team recently (rolling eFG%). / PHI has taken better care of the ball lately (lower turnover rate).
CLE @ TOR,05/01/2026,,Toronto Raptors,Cleveland Cavaliers,0.6335,2026-05-01T15:10:36,0.6335,medium,111.7,110.3,2026-05-01T23:30:00+00:00,CLE has generated more second chances on the glass recently. / TOR has lived at the line more often (higher FTA/FGA). / TOR has taken better care of the ball lately (lower turnover rate).
LAL @ HOU,05/01/2026,,Houston Rockets,Los Angeles Lakers,0.5464,2026-05-01T15:10:36,0.5464,low,109.5,102.5,2026-05-02T01:30:00+00:00,HOU has generated more second chances on the glass recently. / LAL has been the sharper shooting team recently (rolling eFG%). / HOU has taken better care of the ball lately (lower turnover rate). / LAL has lived at the line more often (higher FTA/FGA).
DET @ ORL,05/01/2026,,Orlando Magic,Detroit Pistons,0.4825,2026-05-01T15:10:36,0.5175,low,115.1,100.3,2026-05-01T23:00:00+00:00,DET has been the sharper shooting team recently (rolling eFG%). / ORL has taken better care of the ball lately (lower turnover rate).
MIN @ SAS,05/04/2026,,San Antonio Spurs,Minnesota Timberwolves,0.8209,2026-05-01T18:55:30,0.8209,high,123.5,108.2,2026-05-04T04:00:00+00:00,MIN's recent games have been played at a faster tempo (possession proxy). / SAS comes in with more rest than MIN (day gap). / Strength signal tilts toward SAS (pre-game Elo win proxy). / SAS has generated more second chances on the glass recently.
MIN @ SAS,05/06/2026,,San Antonio Spurs,Minnesota Timberwolves,0.8165,2026-05-01T18:55:30,0.8165,high,123.5,108.2,2026-05-06T04:00:00+00:00,MIN's recent games have been played at a faster tempo (possession proxy). / SAS comes in with more rest than MIN (day gap). / Strength signal tilts toward SAS (pre-game Elo win proxy). / SAS has generated more second chances on the glass recently.
ORL @ DET,05/03/2026,,Detroit Pistons,Orlando Magic,0.788,2026-05-01T18:55:30,0.788,high,117.4,104.4,2026-05-03T04:00:00+00:00,Strength signal tilts toward DET (pre-game Elo win proxy). / DET has been the sharper shooting team recently (rolling eFG%). / ORL has taken better care of the ball lately (lower turnover rate).
PHI @ BOS,05/02/2026,,Boston Celtics,Philadelphia 76ers,0.726,2026-05-01T18:55:30,0.726,high,106.7,107.8,2026-05-02T23:30:00+00:00,Strength signal tilts toward BOS (pre-game Elo win proxy). / BOS has generated more second chances on the glass recently. / BOS has been the sharper shooting team recently (rolling eFG%). / PHI has taken better care of the ball lately (lower turnover rate).
HOU @ LAL,05/03/2026,,Los Angeles Lakers,Houston Rockets,0.6381,2026-05-01T18:55:30,0.6381,medium,96.0,98.3,2026-05-03T04:00:00+00:00,Strength signal tilts toward LAL (pre-game Elo win proxy). / HOU has generated more second chances on the glass recently. / LAL has been the sharper shooting team recently (rolling eFG%). / HOU has taken better care of the ball lately (lower turnover rate).
CLE @ TOR,05/01/2026,,Toronto Raptors,Cleveland Cavaliers,0.6335,2026-05-01T18:55:30,0.6335,medium,111.7,110.3,2026-05-01T23:30:00+00:00,CLE has generated more second chances on the glass recently. / TOR has lived at the line more often (higher FTA/FGA). / TOR has taken better care of the ball lately (lower turnover rate).
LAL @ HOU,05/01/2026,,Houston Rockets,Los Angeles Lakers,0.5464,2026-05-01T18:55:30,0.5464,low,109.5,102.5,2026-05-02T01:30:00+00:00,HOU has generated more second chances on the glass recently. / LAL has been the sharper shooting team recently (rolling eFG%). / HOU has taken better care of the ball lately (lower turnover rate). / LAL has lived at the line more often (higher FTA/FGA).
DET @ ORL,05/01/2026,,Orlando Magic,Detroit Pistons,0.4825,2026-05-01T18:55:30,0.5175,low,115.1,100.3,2026-05-01T23:00:00+00:00,DET has been the sharper shooting team recently (rolling eFG%). / ORL has taken better care of the ball lately (lower turnover rate).
SAS @ MIN,05/10/2026,,Minnesota Timberwolves,San Antonio Spurs,0.4227,2026-05-01T18:55:30,0.5773,medium,110.8,119.7,2026-05-10T04:00:00+00:00,MIN's recent games have been played at a faster tempo (possession proxy). / Strength signal tilts toward SAS (pre-game Elo win proxy). / SAS has generated more second chances on the glass recently. / SAS has been the sharper shooting team recently (rolling eFG%).
SAS @ MIN,05/08/2026,,Minnesota Timberwolves,San Antonio Spurs,0.4109,2026-05-01T18:55:30,0.5891,medium,110.8,119.5,2026-05-08T04:00:00+00:00,MIN's recent games have been played at a faster tempo (possession proxy). / SAS comes in with more rest than MIN (day gap). / Strength signal tilts toward SAS (pre-game Elo win proxy). / SAS has generated more second chances on the glass recently.
TOR @ CLE,05/03/2026,,Cleveland Cavaliers,Toronto Raptors,0.4016,2026-05-01T18:55:30,0.5984,medium,121.7,118.5,2026-05-03T04:00:00+00:00,Strength signal tilts toward CLE (pre-game Elo win proxy). / CLE has generated more second chances on the glass recently. / TOR has lived at the line more often (higher FTA/FGA). / TOR has taken better care of the ball lately (lower turnover rate).
MIN @ SAS,05/04/2026,,San Antonio Spurs,Minnesota Timberwolves,0.8209,2026-05-01T18:56:35,0.8209,high,123.5,108.2,2026-05-04T04:00:00+00:00,MIN's recent games have been played at a faster tempo (possession proxy). / SAS comes in with more rest than MIN (day gap). / Strength signal tilts toward SAS (pre-game Elo win proxy). / SAS has generated more second chances on the glass recently.
MIN @ SAS,05/06/2026,,San Antonio Spurs,Minnesota Timberwolves,0.8165,2026-05-01T18:56:35,0.8165,high,123.5,108.2,2026-05-06T04:00:00+00:00,MIN's recent games have been played at a faster tempo (possession proxy). / SAS comes in with more rest than MIN (day gap). / Strength signal tilts toward SAS (pre-game Elo win proxy). / SAS has generated more second chances on the glass recently.
ORL @ DET,05/03/2026,,Detroit Pistons,Orlando Magic,0.788,2026-05-01T18:56:35,0.788,high,117.4,104.4,2026-05-03T04:00:00+00:00,Strength signal tilts toward DET (pre-game Elo win proxy). / DET has been the sharper shooting team recently (rolling eFG%). / ORL has taken better care of the ball lately (lower turnover rate).
PHI @ BOS,05/02/2026,,Boston Celtics,Philadelphia 76ers,0.726,2026-05-01T18:56:35,0.726,high,106.7,107.8,2026-05-02T23:30:00+00:00,Strength signal tilts toward BOS (pre-game Elo win proxy). / BOS has generated more second chances on the glass recently. / BOS has been the sharper shooting team recently (rolling eFG%). / PHI has taken better care of the ball lately (lower turnover rate).
HOU @ LAL,05/03/2026,,Los Angeles Lakers,Houston Rockets,0.6381,2026-05-01T18:56:35,0.6381,medium,96.0,98.3,2026-05-03T04:00:00+00:00,Strength signal tilts toward LAL (pre-game Elo win proxy). / HOU has generated more second chances on the glass recently. / LAL has been the sharper shooting team recently (rolling eFG%). / HOU has taken better care of the ball lately (lower turnover rate).
CLE @ TOR,05/01/2026,,Toronto Raptors,Cleveland Cavaliers,0.6335,2026-05-01T18:56:35,0.6335,medium,111.7,110.3,2026-05-01T23:30:00+00:00,CLE has generated more second chances on the glass recently. / TOR has lived at the line more often (higher FTA/FGA). / TOR has taken better care of the ball lately (lower turnover rate).
LAL @ HOU,05/01/2026,,Houston Rockets,Los Angeles Lakers,0.5464,2026-05-01T18:56:35,0.5464,low,109.5,102.5,2026-05-02T01:30:00+00:00,HOU has generated more second chances on the glass recently. / LAL has been the sharper shooting team recently (rolling eFG%). / HOU has taken better care of the ball lately (lower turnover rate). / LAL has lived at the line more often (higher FTA/FGA).
DET @ ORL,05/01/2026,,Orlando Magic,Detroit Pistons,0.4825,2026-05-01T18:56:35,0.5175,low,115.1,100.3,2026-05-01T23:00:00+00:00,DET has been the sharper shooting team recently (rolling eFG%). / ORL has taken better care of the ball lately (lower turnover rate).
TOR @ CLE,05/03/2026,,Cleveland Cavaliers,Toronto Raptors,0.4016,2026-05-01T18:56:35,0.5984,medium,121.7,118.5,2026-05-03T04:00:00+00:00,Strength signal tilts toward CLE (pre-game Elo win proxy). / CLE has generated more second chances on the glass recently. / TOR has lived at the line more often (higher FTA/FGA). / TOR has taken better care of the ball lately (lower turnover rate).
MIN @ SAS,05/04/2026,,San Antonio Spurs,Minnesota Timberwolves,0.8209,2026-05-01T18:57:11,0.8209,high,123.5,108.2,2026-05-04T04:00:00+00:00,MIN's recent games have been played at a faster tempo (possession proxy). / SAS comes in with more rest than MIN (day gap). / Strength signal tilts toward SAS (pre-game Elo win proxy). / SAS has generated more second chances on the glass recently.
ORL @ DET,05/03/2026,,Detroit Pistons,Orlando Magic,0.788,2026-05-01T18:57:11,0.788,high,117.4,104.4,2026-05-03T04:00:00+00:00,Strength signal tilts toward DET (pre-game Elo win proxy). / DET has been the sharper shooting team recently (rolling eFG%). / ORL has taken better care of the ball lately (lower turnover rate).
PHI @ BOS,05/02/2026,,Boston Celtics,Philadelphia 76ers,0.726,2026-05-01T18:57:11,0.726,high,106.7,107.8,2026-05-02T23:30:00+00:00,Strength signal tilts toward BOS (pre-game Elo win proxy). / BOS has generated more second chances on the glass recently. / BOS has been the sharper shooting team recently (rolling eFG%). / PHI has taken better care of the ball lately (lower turnover rate).
HOU @ LAL,05/03/2026,,Los Angeles Lakers,Houston Rockets,0.6381,2026-05-01T18:57:11,0.6381,medium,96.0,98.3,2026-05-03T04:00:00+00:00,Strength signal tilts toward LAL (pre-game Elo win proxy). / HOU has generated more second chances on the glass recently. / LAL has been the sharper shooting team recently (rolling eFG%). / HOU has taken better care of the ball lately (lower turnover rate).
CLE @ TOR,05/01/2026,,Toronto Raptors,Cleveland Cavaliers,0.6335,2026-05-01T18:57:11,0.6335,medium,111.7,110.3,2026-05-01T23:30:00+00:00,CLE has generated more second chances on the glass recently. / TOR has lived at the line more often (higher FTA/FGA). / TOR has taken better care of the ball lately (lower turnover rate).
LAL @ HOU,05/01/2026,,Houston Rockets,Los Angeles Lakers,0.5464,2026-05-01T18:57:11,0.5464,low,109.5,102.5,2026-05-02T01:30:00+00:00,HOU has generated more second chances on the glass recently. / LAL has been the sharper shooting team recently (rolling eFG%). / HOU has taken better care of the ball lately (lower turnover rate). / LAL has lived at the line more often (higher FTA/FGA).
DET @ ORL,05/01/2026,,Orlando Magic,Detroit Pistons,0.4825,2026-05-01T18:57:11,0.5175,low,115.1,100.3,2026-05-01T23:00:00+00:00,DET has been the sharper shooting team recently (rolling eFG%). / ORL has taken better care of the ball lately (lower turnover rate).
TOR @ CLE,05/03/2026,,Cleveland Cavaliers,Toronto Raptors,0.4016,2026-05-01T18:57:11,0.5984,medium,121.7,118.5,2026-05-03T04:00:00+00:00,Strength signal tilts toward CLE (pre-game Elo win proxy). / CLE has generated more second chances on the glass recently. / TOR has lived at the line more often (higher FTA/FGA). / TOR has taken better care of the ball lately (lower turnover rate).
ORL @ DET,05/03/2026,,Detroit Pistons,Orlando Magic,0.788,2026-05-01T18:57:40,0.788,high,117.4,104.4,2026-05-03T04:00:00+00:00,Strength signal tilts toward DET (pre-game Elo win proxy). / DET has been the sharper shooting team recently (rolling eFG%). / ORL has taken better care of the ball lately (lower turnover rate).
PHI @ BOS,05/02/2026,,Boston Celtics,Philadelphia 76ers,0.726,2026-05-01T18:57:40,0.726,high,106.7,107.8,2026-05-02T23:30:00+00:00,Strength signal tilts toward BOS (pre-game Elo win proxy). / BOS has generated more second chances on the glass recently. / BOS has been the sharper shooting team recently (rolling eFG%). / PHI has taken better care of the ball lately (lower turnover rate).
HOU @ LAL,05/03/2026,,Los Angeles Lakers,Houston Rockets,0.6381,2026-05-01T18:57:40,0.6381,medium,96.0,98.3,2026-05-03T04:00:00+00:00,Strength signal tilts toward LAL (pre-game Elo win proxy). / HOU has generated more second chances on the glass recently. / LAL has been the sharper shooting team recently (rolling eFG%). / HOU has taken better care of the ball lately (lower turnover rate).
CLE @ TOR,05/01/2026,,Toronto Raptors,Cleveland Cavaliers,0.6335,2026-05-01T18:57:40,0.6335,medium,111.7,110.3,2026-05-01T23:30:00+00:00,CLE has generated more second chances on the glass recently. / TOR has lived at the line more often (higher FTA/FGA). / TOR has taken better care of the ball lately (lower turnover rate).
LAL @ HOU,05/01/2026,,Houston Rockets,Los Angeles Lakers,0.5464,2026-05-01T18:57:40,0.5464,low,109.5,102.5,2026-05-02T01:30:00+00:00,HOU has generated more second chances on the glass recently. / LAL has been the sharper shooting team recently (rolling eFG%). / HOU has taken better care of the ball lately (lower turnover rate). / LAL has lived at the line more often (higher FTA/FGA).
DET @ ORL,05/01/2026,,Orlando Magic,Detroit Pistons,0.4825,2026-05-01T18:57:40,0.5175,low,115.1,100.3,2026-05-01T23:00:00+00:00,DET has been the sharper shooting team recently (rolling eFG%). / ORL has taken better care of the ball lately (lower turnover rate).
TOR @ CLE,05/03/2026,,Cleveland Cavaliers,Toronto Raptors,0.4016,2026-05-01T18:57:40,0.5984,medium,121.7,118.5,2026-05-03T04:00:00+00:00,Strength signal tilts toward CLE (pre-game Elo win proxy). / CLE has generated more second chances on the glass recently. / TOR has lived at the line more often (higher FTA/FGA). / TOR has taken better care of the ball lately (lower turnover rate).
ORL @ DET,05/03/2026,,Detroit Pistons,Orlando Magic,0.788,2026-05-01T18:57:41,0.788,high,117.4,104.4,2026-05-03T04:00:00+00:00,Strength signal tilts toward DET (pre-game Elo win proxy). / DET has been the sharper shooting team recently (rolling eFG%). / ORL has taken better care of the ball lately (lower turnover rate).
PHI @ BOS,05/02/2026,,Boston Celtics,Philadelphia 76ers,0.726,2026-05-01T18:57:41,0.726,high,106.7,107.8,2026-05-02T23:30:00+00:00,Strength signal tilts toward BOS (pre-game Elo win proxy). / BOS has generated more second chances on the glass recently. / BOS has been the sharper shooting team recently (rolling eFG%). / PHI has taken better care of the ball lately (lower turnover rate).
HOU @ LAL,05/03/2026,,Los Angeles Lakers,Houston Rockets,0.6381,2026-05-01T18:57:41,0.6381,medium,96.0,98.3,2026-05-03T04:00:00+00:00,Strength signal tilts toward LAL (pre-game Elo win proxy). / HOU has generated more second chances on the glass recently. / LAL has been the sharper shooting team recently (rolling eFG%). / HOU has taken better care of the ball lately (lower turnover rate).
CLE @ TOR,05/01/2026,,Toronto Raptors,Cleveland Cavaliers,0.6335,2026-05-01T18:57:41,0.6335,medium,111.7,110.3,2026-05-01T23:30:00+00:00,CLE has generated more second chances on the glass recently. / TOR has lived at the line more often (higher FTA/FGA). / TOR has taken better care of the ball lately (lower turnover rate).
LAL @ HOU,05/01/2026,,Houston Rockets,Los Angeles Lakers,0.5464,2026-05-01T18:57:41,0.5464,low,109.5,102.5,2026-05-02T01:30:00+00:00,HOU has generated more second chances on the glass recently. / LAL has been the sharper shooting team recently (rolling eFG%). / HOU has taken better care of the ball lately (lower turnover rate). / LAL has lived at the line more often (higher FTA/FGA).
DET @ ORL,05/01/2026,,Orlando Magic,Detroit Pistons,0.4825,2026-05-01T18:57:41,0.5175,low,115.1,100.3,2026-05-01T23:00:00+00:00,DET has been the sharper shooting team recently (rolling eFG%). / ORL has taken better care of the ball lately (lower turnover rate).
TOR @ CLE,05/03/2026,,Cleveland Cavaliers,Toronto Raptors,0.4016,2026-05-01T18:57:41,0.5984,medium,121.7,118.5,2026-05-03T04:00:00+00:00,Strength signal tilts toward CLE (pre-game Elo win proxy). / CLE has generated more second chances on the glass recently. / TOR has lived at the line more often (higher FTA/FGA). / TOR has taken better care of the ball lately (lower turnover rate).
CLE @ TOR,05/01/2026,,Toronto Raptors,Cleveland Cavaliers,0.6335,2026-05-01T18:58:12,0.6335,medium,111.7,110.3,2026-05-01T23:30:00+00:00,CLE has generated more second chances on the glass recently. / TOR has lived at the line more often (higher FTA/FGA). / TOR has taken better care of the ball lately (lower turnover rate).
LAL @ HOU,05/01/2026,,Houston Rockets,Los Angeles Lakers,0.5464,2026-05-01T18:58:12,0.5464,low,109.5,102.5,2026-05-02T01:30:00+00:00,HOU has generated more second chances on the glass recently. / LAL has been the sharper shooting team recently (rolling eFG%). / HOU has taken better care of the ball lately (lower turnover rate). / LAL has lived at the line more often (higher FTA/FGA).
DET @ ORL,05/01/2026,,Orlando Magic,Detroit Pistons,0.4825,2026-05-01T18:58:12,0.5175,low,115.1,100.3,2026-05-01T23:00:00+00:00,DET has been the sharper shooting team recently (rolling eFG%). / ORL has taken better care of the ball lately (lower turnover rate).
SAS @ MIN,05/10/2026,,Minnesota Timberwolves,San Antonio Spurs,0.4227,2026-05-01T19:05:33,0.5773,medium,110.8,119.7,2026-05-10T04:00:00+00:00,MIN's recent games have been played at a faster tempo (possession proxy). / Strength signal tilts toward SAS (pre-game Elo win proxy). / SAS has generated more second chances on the glass recently. / SAS has been the sharper shooting team recently (rolling eFG%).
SAS @ MIN,05/10/2026,,Minnesota Timberwolves,San Antonio Spurs,0.4227,2026-05-01T19:05:36,0.5773,medium,110.8,119.7,2026-05-10T04:00:00+00:00,MIN's recent games have been played at a faster tempo (possession proxy). / Strength signal tilts toward SAS (pre-game Elo win proxy). / SAS has generated more second chances on the glass recently. / SAS has been the sharper shooting team recently (rolling eFG%).
SAS @ MIN,05/10/2026,,Minnesota Timberwolves,San Antonio Spurs,0.4227,2026-05-01T19:05:38,0.5773,medium,110.8,119.7,2026-05-10T04:00:00+00:00,MIN's recent games have been played at a faster tempo (possession proxy). / Strength signal tilts toward SAS (pre-game Elo win proxy). / SAS has generated more second chances on the glass recently. / SAS has been the sharper shooting team recently (rolling eFG%).
MIN @ SAS,05/04/2026,,San Antonio Spurs,Minnesota Timberwolves,0.8209,2026-05-01T19:06:30,0.8209,high,123.5,108.2,2026-05-04T04:00:00+00:00,MIN's recent games have been played at a faster tempo (possession proxy). / SAS comes in with more rest than MIN (day gap). / Strength signal tilts toward SAS (pre-game Elo win proxy). / SAS has generated more second chances on the glass recently.
MIN @ SAS,05/06/2026,,San Antonio Spurs,Minnesota Timberwolves,0.8165,2026-05-01T19:06:30,0.8165,high,123.5,108.2,2026-05-06T04:00:00+00:00,MIN's recent games have been played at a faster tempo (possession proxy). / SAS comes in with more rest than MIN (day gap). / Strength signal tilts toward SAS (pre-game Elo win proxy). / SAS has generated more second chances on the glass recently.
ORL @ DET,05/03/2026,,Detroit Pistons,Orlando Magic,0.788,2026-05-01T19:06:30,0.788,high,117.4,104.4,2026-05-03T04:00:00+00:00,Strength signal tilts toward DET (pre-game Elo win proxy). / DET has been the sharper shooting team recently (rolling eFG%). / ORL has taken better care of the ball lately (lower turnover rate).
PHI @ BOS,05/02/2026,,Boston Celtics,Philadelphia 76ers,0.726,2026-05-01T19:06:30,0.726,high,106.7,107.8,2026-05-02T23:30:00+00:00,Strength signal tilts toward BOS (pre-game Elo win proxy). / BOS has generated more second chances on the glass recently. / BOS has been the sharper shooting team recently (rolling eFG%). / PHI has taken better care of the ball lately (lower turnover rate).
HOU @ LAL,05/03/2026,,Los Angeles Lakers,Houston Rockets,0.6381,2026-05-01T19:06:30,0.6381,medium,96.0,98.3,2026-05-03T04:00:00+00:00,Strength signal tilts toward LAL (pre-game Elo win proxy). / HOU has generated more second chances on the glass recently. / LAL has been the sharper shooting team recently (rolling eFG%). / HOU has taken better care of the ball lately (lower turnover rate).
CLE @ TOR,05/01/2026,,Toronto Raptors,Cleveland Cavaliers,0.6335,2026-05-01T19:06:30,0.6335,medium,111.7,110.3,2026-05-01T23:30:00+00:00,CLE has generated more second chances on the glass recently. / TOR has lived at the line more often (higher FTA/FGA). / TOR has taken better care of the ball lately (lower turnover rate).
LAL @ HOU,05/01/2026,,Houston Rockets,Los Angeles Lakers,0.5464,2026-05-01T19:06:30,0.5464,low,109.5,102.5,2026-05-02T01:30:00+00:00,HOU has generated more second chances on the glass recently. / LAL has been the sharper shooting team recently (rolling eFG%). / HOU has taken better care of the ball lately (lower turnover rate). / LAL has lived at the line more often (higher FTA/FGA).
DET @ ORL,05/01/2026,,Orlando Magic,Detroit Pistons,0.4825,2026-05-01T19:06:30,0.5175,low,115.1,100.3,2026-05-01T23:00:00+00:00,DET has been the sharper shooting team recently (rolling eFG%). / ORL has taken better care of the ball lately (lower turnover rate).
SAS @ MIN,05/10/2026,,Minnesota Timberwolves,San Antonio Spurs,0.4227,2026-05-01T19:06:30,0.5773,medium,110.8,119.7,2026-05-10T04:00:00+00:00,MIN's recent games have been played at a faster tempo (possession proxy). / Strength signal tilts toward SAS (pre-game Elo win proxy). / SAS has generated more second chances on the glass recently. / SAS has been the sharper shooting team recently (rolling eFG%).
SAS @ MIN,05/08/2026,,Minnesota Timberwolves,San Antonio Spurs,0.4109,2026-05-01T19:06:30,0.5891,medium,110.8,119.5,2026-05-08T04:00:00+00:00,MIN's recent games have been played at a faster tempo (possession proxy). / SAS comes in with more rest than MIN (day gap). / Strength signal tilts toward SAS (pre-game Elo win proxy). / SAS has generated more second chances on the glass recently.
TOR @ CLE,05/03/2026,,Cleveland Cavaliers,Toronto Raptors,0.4016,2026-05-01T19:06:30,0.5984,medium,121.7,118.5,2026-05-03T04:00:00+00:00,Strength signal tilts toward CLE (pre-game Elo win proxy). / CLE has generated more second chances on the glass recently. / TOR has lived at the line more often (higher FTA/FGA). / TOR has taken better care of the ball lately (lower turnover rate).
MIN @ SAS,05/04/2026,,San Antonio Spurs,Minnesota Timberwolves,0.8209,2026-05-01T19:06:50,0.8209,high,123.5,108.2,2026-05-04T04:00:00+00:00,MIN's recent games have been played at a faster tempo (possession proxy). / SAS comes in with more rest than MIN (day gap). / Strength signal tilts toward SAS (pre-game Elo win proxy). / SAS has generated more second chances on the glass recently.
MIN @ SAS,05/06/2026,,San Antonio Spurs,Minnesota Timberwolves,0.8165,2026-05-01T19:06:50,0.8165,high,123.5,108.2,2026-05-06T04:00:00+00:00,MIN's recent games have been played at a faster tempo (possession proxy). / SAS comes in with more rest than MIN (day gap). / Strength signal tilts toward SAS (pre-game Elo win proxy). / SAS has generated more second chances on the glass recently.
ORL @ DET,05/03/2026,,Detroit Pistons,Orlando Magic,0.788,2026-05-01T19:06:50,0.788,high,117.4,104.4,2026-05-03T04:00:00+00:00,Strength signal tilts toward DET (pre-game Elo win proxy). / DET has been the sharper shooting team recently (rolling eFG%). / ORL has taken better care of the ball lately (lower turnover rate).
PHI @ BOS,05/02/2026,,Boston Celtics,Philadelphia 76ers,0.726,2026-05-01T19:06:50,0.726,high,106.7,107.8,2026-05-02T23:30:00+00:00,Strength signal tilts toward BOS (pre-game Elo win proxy). / BOS has generated more second chances on the glass recently. / BOS has been the sharper shooting team recently (rolling eFG%). / PHI has taken better care of the ball lately (lower turnover rate).
HOU @ LAL,05/03/2026,,Los Angeles Lakers,Houston Rockets,0.6381,2026-05-01T19:06:50,0.6381,medium,96.0,98.3,2026-05-03T04:00:00+00:00,Strength signal tilts toward LAL (pre-game Elo win proxy). / HOU has generated more second chances on the glass recently. / LAL has been the sharper shooting team recently (rolling eFG%). / HOU has taken better care of the ball lately (lower turnover rate).
CLE @ TOR,05/01/2026,,Toronto Raptors,Cleveland Cavaliers,0.6335,2026-05-01T19:06:50,0.6335,medium,111.7,110.3,2026-05-01T23:30:00+00:00,CLE has generated more second chances on the glass recently. / TOR has lived at the line more often (higher FTA/FGA). / TOR has taken better care of the ball lately (lower turnover rate).
LAL @ HOU,05/01/2026,,Houston Rockets,Los Angeles Lakers,0.5464,2026-05-01T19:06:50,0.5464,low,109.5,102.5,2026-05-02T01:30:00+00:00,HOU has generated more second chances on the glass recently. / LAL has been the sharper shooting team recently (rolling eFG%). / HOU has taken better care of the ball lately (lower turnover rate). / LAL has lived at the line more often (higher FTA/FGA).
DET @ ORL,05/01/2026,,Orlando Magic,Detroit Pistons,0.4825,2026-05-01T19:06:50,0.5175,low,115.1,100.3,2026-05-01T23:00:00+00:00,DET has been the sharper shooting team recently (rolling eFG%). / ORL has taken better care of the ball lately (lower turnover rate).
SAS @ MIN,05/08/2026,,Minnesota Timberwolves,San Antonio Spurs,0.4109,2026-05-01T19:06:50,0.5891,medium,110.8,119.5,2026-05-08T04:00:00+00:00,MIN's recent games have been played at a faster tempo (possession proxy). / SAS comes in with more rest than MIN (day gap). / Strength signal tilts toward SAS (pre-game Elo win proxy). / SAS has generated more second chances on the glass recently.
TOR @ CLE,05/03/2026,,Cleveland Cavaliers,Toronto Raptors,0.4016,2026-05-01T19:06:50,0.5984,medium,121.7,118.5,2026-05-03T04:00:00+00:00,Strength signal tilts toward CLE (pre-game Elo win proxy). / CLE has generated more second chances on the glass recently. / TOR has lived at the line more often (higher FTA/FGA). / TOR has taken better care of the ball lately (lower turnover rate).
MIN @ SAS,05/04/2026,,San Antonio Spurs,Minnesota Timberwolves,0.8209,2026-05-01T19:10:40,0.8209,high,123.5,108.2,2026-05-04T04:00:00+00:00,MIN's recent games have been played at a faster tempo (possession proxy). / SAS comes in with more rest than MIN (day gap). / Strength signal tilts toward SAS (pre-game Elo win proxy). / SAS has generated more second chances on the glass recently.
MIN @ SAS,05/06/2026,,San Antonio Spurs,Minnesota Timberwolves,0.8165,2026-05-01T19:10:40,0.8165,high,123.5,108.2,2026-05-06T04:00:00+00:00,MIN's recent games have been played at a faster tempo (possession proxy). / SAS comes in with more rest than MIN (day gap). / Strength signal tilts toward SAS (pre-game Elo win proxy). / SAS has generated more second chances on the glass recently.
ORL @ DET,05/03/2026,,Detroit Pistons,Orlando Magic,0.788,2026-05-01T19:10:40,0.788,high,117.4,104.4,2026-05-03T04:00:00+00:00,Strength signal tilts toward DET (pre-game Elo win proxy). / DET has been the sharper shooting team recently (rolling eFG%). / ORL has taken better care of the ball lately (lower turnover rate).
PHI @ BOS,05/02/2026,,Boston Celtics,Philadelphia 76ers,0.726,2026-05-01T19:10:40,0.726,high,106.7,107.8,2026-05-02T23:30:00+00:00,Strength signal tilts toward BOS (pre-game Elo win proxy). / BOS has generated more second chances on the glass recently. / BOS has been the sharper shooting team recently (rolling eFG%). / PHI has taken better care of the ball lately (lower turnover rate).
HOU @ LAL,05/03/2026,,Los Angeles Lakers,Houston Rockets,0.6381,2026-05-01T19:10:40,0.6381,medium,96.0,98.3,2026-05-03T04:00:00+00:00,Strength signal tilts toward LAL (pre-game Elo win proxy). / HOU has generated more second chances on the glass recently. / LAL has been the sharper shooting team recently (rolling eFG%). / HOU has taken better care of the ball lately (lower turnover rate).
CLE @ TOR,05/01/2026,,Toronto Raptors,Cleveland Cavaliers,0.6335,2026-05-01T19:10:40,0.6335,medium,111.7,110.3,2026-05-01T23:30:00+00:00,CLE has generated more second chances on the glass recently. / TOR has lived at the line more often (higher FTA/FGA). / TOR has taken better care of the ball lately (lower turnover rate).
LAL @ HOU,05/01/2026,,Houston Rockets,Los Angeles Lakers,0.5464,2026-05-01T19:10:40,0.5464,low,109.5,102.5,2026-05-02T01:30:00+00:00,HOU has generated more second chances on the glass recently. / LAL has been the sharper shooting team recently (rolling eFG%). / HOU has taken better care of the ball lately (lower turnover rate). / LAL has lived at the line more often (higher FTA/FGA).
DET @ ORL,05/01/2026,,Orlando Magic,Detroit Pistons,0.4825,2026-05-01T19:10:40,0.5175,low,115.1,100.3,2026-05-01T23:00:00+00:00,DET has been the sharper shooting team recently (rolling eFG%). / ORL has taken better care of the ball lately (lower turnover rate).
TOR @ CLE,05/03/2026,,Cleveland Cavaliers,Toronto Raptors,0.4016,2026-05-01T19:10:40,0.5984,medium,121.7,118.5,2026-05-03T04:00:00+00:00,Strength signal tilts toward CLE (pre-game Elo win proxy). / CLE has generated more second chances on the glass recently. / TOR has lived at the line more often (higher FTA/FGA). / TOR has taken better care of the ball lately (lower turnover rate).
MIN @ SAS,05/04/2026,,San Antonio Spurs,Minnesota Timberwolves,0.8209,2026-05-01T19:10:40,0.8209,high,123.5,108.2,2026-05-04T04:00:00+00:00,MIN's recent games have been played at a faster tempo (possession proxy). / SAS comes in with more rest than MIN (day gap). / Strength signal tilts toward SAS (pre-game Elo win proxy). / SAS has generated more second chances on the glass recently.
MIN @ SAS,05/06/2026,,San Antonio Spurs,Minnesota Timberwolves,0.8165,2026-05-01T19:10:40,0.8165,high,123.5,108.2,2026-05-06T04:00:00+00:00,MIN's recent games have been played at a faster tempo (possession proxy). / SAS comes in with more rest than MIN (day gap). / Strength signal tilts toward SAS (pre-game Elo win proxy). / SAS has generated more second chances on the glass recently.
ORL @ DET,05/03/2026,,Detroit Pistons,Orlando Magic,0.788,2026-05-01T19:10:40,0.788,high,117.4,104.4,2026-05-03T04:00:00+00:00,Strength signal tilts toward DET (pre-game Elo win proxy). / DET has been the sharper shooting team recently (rolling eFG%). / ORL has taken better care of the ball lately (lower turnover rate).
PHI @ BOS,05/02/2026,,Boston Celtics,Philadelphia 76ers,0.726,2026-05-01T19:10:40,0.726,high,106.7,107.8,2026-05-02T23:30:00+00:00,Strength signal tilts toward BOS (pre-game Elo win proxy). / BOS has generated more second chances on the glass recently. / BOS has been the sharper shooting team recently (rolling eFG%). / PHI has taken better care of the ball lately (lower turnover rate).
HOU @ LAL,05/03/2026,,Los Angeles Lakers,Houston Rockets,0.6381,2026-05-01T19:10:40,0.6381,medium,96.0,98.3,2026-05-03T04:00:00+00:00,Strength signal tilts toward LAL (pre-game Elo win proxy). / HOU has generated more second chances on the glass recently. / LAL has been the sharper shooting team recently (rolling eFG%). / HOU has taken better care of the ball lately (lower turnover rate).
CLE @ TOR,05/01/2026,,Toronto Raptors,Cleveland Cavaliers,0.6335,2026-05-01T19:10:40,0.6335,medium,111.7,110.3,2026-05-01T23:30:00+00:00,CLE has generated more second chances on the glass recently. / TOR has lived at the line more often (higher FTA/FGA). / TOR has taken better care of the ball lately (lower turnover rate).
LAL @ HOU,05/01/2026,,Houston Rockets,Los Angeles Lakers,0.5464,2026-05-01T19:10:40,0.5464,low,109.5,102.5,2026-05-02T01:30:00+00:00,HOU has generated more second chances on the glass recently. / LAL has been the sharper shooting team recently (rolling eFG%). / HOU has taken better care of the ball lately (lower turnover rate). / LAL has lived at the line more often (higher FTA/FGA).
DET @ ORL,05/01/2026,,Orlando Magic,Detroit Pistons,0.4825,2026-05-01T19:10:40,0.5175,low,115.1,100.3,2026-05-01T23:00:00+00:00,DET has been the sharper shooting team recently (rolling eFG%). / ORL has taken better care of the ball lately (lower turnover rate).
TOR @ CLE,05/03/2026,,Cleveland Cavaliers,Toronto Raptors,0.4016,2026-05-01T19:10:40,0.5984,medium,121.7,118.5,2026-05-03T04:00:00+00:00,Strength signal tilts toward CLE (pre-game Elo win proxy). / CLE has generated more second chances on the glass recently. / TOR has lived at the line more often (higher FTA/FGA). / TOR has taken better care of the ball lately (lower turnover rate).
MIN @ SAS,05/04/2026,,San Antonio Spurs,Minnesota Timberwolves,0.8209,2026-05-01T19:11:11,0.8209,high,123.5,108.2,2026-05-04T04:00:00+00:00,MIN's recent games have been played at a faster tempo (possession proxy). / SAS comes in with more rest than MIN (day gap). / Strength signal tilts toward SAS (pre-game Elo win proxy). / SAS has generated more second chances on the glass recently.
ORL @ DET,05/03/2026,,Detroit Pistons,Orlando Magic,0.788,2026-05-01T19:11:11,0.788,high,117.4,104.4,2026-05-03T04:00:00+00:00,Strength signal tilts toward DET (pre-game Elo win proxy). / DET has been the sharper shooting team recently (rolling eFG%). / ORL has taken better care of the ball lately (lower turnover rate).
PHI @ BOS,05/02/2026,,Boston Celtics,Philadelphia 76ers,0.726,2026-05-01T19:11:11,0.726,high,106.7,107.8,2026-05-02T23:30:00+00:00,Strength signal tilts toward BOS (pre-game Elo win proxy). / BOS has generated more second chances on the glass recently. / BOS has been the sharper shooting team recently (rolling eFG%). / PHI has taken better care of the ball lately (lower turnover rate).
HOU @ LAL,05/03/2026,,Los Angeles Lakers,Houston Rockets,0.6381,2026-05-01T19:11:11,0.6381,medium,96.0,98.3,2026-05-03T04:00:00+00:00,Strength signal tilts toward LAL (pre-game Elo win proxy). / HOU has generated more second chances on the glass recently. / LAL has been the sharper shooting team recently (rolling eFG%). / HOU has taken better care of the ball lately (lower turnover rate).
CLE @ TOR,05/01/2026,,Toronto Raptors,Cleveland Cavaliers,0.6335,2026-05-01T19:11:11,0.6335,medium,111.7,110.3,2026-05-01T23:30:00+00:00,CLE has generated more second chances on the glass recently. / TOR has lived at the line more often (higher FTA/FGA). / TOR has taken better care of the ball lately (lower turnover rate).
LAL @ HOU,05/01/2026,,Houston Rockets,Los Angeles Lakers,0.5464,2026-05-01T19:11:11,0.5464,low,109.5,102.5,2026-05-02T01:30:00+00:00,HOU has generated more second chances on the glass recently. / LAL has been the sharper shooting team recently (rolling eFG%). / HOU has taken better care of the ball lately (lower turnover rate). / LAL has lived at the line more often (higher FTA/FGA).
DET @ ORL,05/01/2026,,Orlando Magic,Detroit Pistons,0.4825,2026-05-01T19:11:11,0.5175,low,115.1,100.3,2026-05-01T23:00:00+00:00,DET has been the sharper shooting team recently (rolling eFG%). / ORL has taken better care of the ball lately (lower turnover rate).
TOR @ CLE,05/03/2026,,Cleveland Cavaliers,Toronto Raptors,0.4016,2026-05-01T19:11:11,0.5984,medium,121.7,118.5,2026-05-03T04:00:00+00:00,Strength signal tilts toward CLE (pre-game Elo win proxy). / CLE has generated more second chances on the glass recently. / TOR has lived at the line more often (higher FTA/FGA). / TOR has taken better care of the ball lately (lower turnover rate).
MIN @ SAS,05/04/2026,,San Antonio Spurs,Minnesota Timberwolves,0.8209,2026-05-01T19:11:13,0.8209,high,123.5,108.2,2026-05-04T04:00:00+00:00,MIN's recent games have been played at a faster tempo (possession proxy). / SAS comes in with more rest than MIN (day gap). / Strength signal tilts toward SAS (pre-game Elo win proxy). / SAS has generated more second chances on the glass recently.
ORL @ DET,05/03/2026,,Detroit Pistons,Orlando Magic,0.788,2026-05-01T19:11:13,0.788,high,117.4,104.4,2026-05-03T04:00:00+00:00,Strength signal tilts toward DET (pre-game Elo win proxy). / DET has been the sharper shooting team recently (rolling eFG%). / ORL has taken better care of the ball lately (lower turnover rate).
PHI @ BOS,05/02/2026,,Boston Celtics,Philadelphia 76ers,0.726,2026-05-01T19:11:13,0.726,high,106.7,107.8,2026-05-02T23:30:00+00:00,Strength signal tilts toward BOS (pre-game Elo win proxy). / BOS has generated more second chances on the glass recently. / BOS has been the sharper shooting team recently (rolling eFG%). / PHI has taken better care of the ball lately (lower turnover rate).
HOU @ LAL,05/03/2026,,Los Angeles Lakers,Houston Rockets,0.6381,2026-05-01T19:11:13,0.6381,medium,96.0,98.3,2026-05-03T04:00:00+00:00,Strength signal tilts toward LAL (pre-game Elo win proxy). / HOU has generated more second chances on the glass recently. / LAL has been the sharper shooting team recently (rolling eFG%). / HOU has taken better care of the ball lately (lower turnover rate).
CLE @ TOR,05/01/2026,,Toronto Raptors,Cleveland Cavaliers,0.6335,2026-05-01T19:11:13,0.6335,medium,111.7,110.3,2026-05-01T23:30:00+00:00,CLE has generated more second chances on the glass recently. / TOR has lived at the line more often (higher FTA/FGA). / TOR has taken better care of the ball lately (lower turnover rate).
LAL @ HOU,05/01/2026,,Houston Rockets,Los Angeles Lakers,0.5464,2026-05-01T19:11:13,0.5464,low,109.5,102.5,2026-05-02T01:30:00+00:00,HOU has generated more second chances on the glass recently. / LAL has been the sharper shooting team recently (rolling eFG%). / HOU has taken better care of the ball lately (lower turnover rate). / LAL has lived at the line more often (higher FTA/FGA).
DET @ ORL,05/01/2026,,Orlando Magic,Detroit Pistons,0.4825,2026-05-01T19:11:13,0.5175,low,115.1,100.3,2026-05-01T23:00:00+00:00,DET has been the sharper shooting team recently (rolling eFG%). / ORL has taken better care of the ball lately (lower turnover rate).
TOR @ CLE,05/03/2026,,Cleveland Cavaliers,Toronto Raptors,0.4016,2026-05-01T19:11:13,0.5984,medium,121.7,118.5,2026-05-03T04:00:00+00:00,Strength signal tilts toward CLE (pre-game Elo win proxy). / CLE has generated more second chances on the glass recently. / TOR has lived at the line more often (higher FTA/FGA). / TOR has taken better care of the ball lately (lower turnover rate).
SAS @ MIN,05/10/2026,,Minnesota Timberwolves,San Antonio Spurs,0.4227,2026-05-01T19:16:49,0.5773,medium,110.8,119.7,2026-05-10T04:00:00+00:00,MIN's recent games have been played at a faster tempo (possession proxy). / Strength signal tilts toward SAS (pre-game Elo win proxy). / SAS has generated more second chances on the glass recently. / SAS has been the sharper shooting team recently (rolling eFG%).
SAS @ MIN,05/08/2026,,Minnesota Timberwolves,San Antonio Spurs,0.4109,2026-05-01T19:16:49,0.5891,medium,110.8,119.5,2026-05-08T04:00:00+00:00,MIN's recent games have been played at a faster tempo (possession proxy). / SAS comes in with more rest than MIN (day gap). / Strength signal tilts toward SAS (pre-game Elo win proxy). / SAS has generated more second chances on the glass recently.
ORL @ DET,05/03/2026,,Detroit Pistons,Orlando Magic,0.788,2026-05-01T19:19:34,0.788,high,117.4,104.4,2026-05-03T04:00:00+00:00,Strength signal tilts toward DET (pre-game Elo win proxy). / DET has been the sharper shooting team recently (rolling eFG%). / ORL has taken better care of the ball lately (lower turnover rate).
PHI @ BOS,05/02/2026,,Boston Celtics,Philadelphia 76ers,0.726,2026-05-01T19:19:34,0.726,high,106.7,107.8,2026-05-02T23:30:00+00:00,Strength signal tilts toward BOS (pre-game Elo win proxy). / BOS has generated more second chances on the glass recently. / BOS has been the sharper shooting team recently (rolling eFG%). / PHI has taken better care of the ball lately (lower turnover rate).
CLE @ TOR,05/01/2026,,Toronto Raptors,Cleveland Cavaliers,0.6335,2026-05-01T19:19:34,0.6335,medium,111.7,110.3,2026-05-01T23:30:00+00:00,CLE has generated more second chances on the glass recently. / TOR has lived at the line more often (higher FTA/FGA). / TOR has taken better care of the ball lately (lower turnover rate).
LAL @ HOU,05/01/2026,,Houston Rockets,Los Angeles Lakers,0.5464,2026-05-01T19:19:34,0.5464,low,109.5,102.5,2026-05-02T01:30:00+00:00,HOU has generated more second chances on the glass recently. / LAL has been the sharper shooting team recently (rolling eFG%). / HOU has taken better care of the ball lately (lower turnover rate). / LAL has lived at the line more often (higher FTA/FGA).
DET @ ORL,05/01/2026,,Orlando Magic,Detroit Pistons,0.4825,2026-05-01T19:19:34,0.5175,low,115.1,100.3,2026-05-01T23:00:00+00:00,DET has been the sharper shooting team recently (rolling eFG%). / ORL has taken better care of the ball lately (lower turnover rate).
MIN @ SAS,05/04/2026,,San Antonio Spurs,Minnesota Timberwolves,0.8209,2026-05-01T19:19:40,0.8209,high,123.5,108.2,2026-05-04T04:00:00+00:00,MIN's recent games have been played at a faster tempo (possession proxy). / SAS comes in with more rest than MIN (day gap). / Strength signal tilts toward SAS (pre-game Elo win proxy). / SAS has generated more second chances on the glass recently.
MIN @ SAS,05/06/2026,,San Antonio Spurs,Minnesota Timberwolves,0.8165,2026-05-01T19:19:40,0.8165,high,123.5,108.2,2026-05-06T04:00:00+00:00,MIN's recent games have been played at a faster tempo (possession proxy). / SAS comes in with more rest than MIN (day gap). / Strength signal tilts toward SAS (pre-game Elo win proxy). / SAS has generated more second chances on the glass recently.
ORL @ DET,05/03/2026,,Detroit Pistons,Orlando Magic,0.788,2026-05-01T19:19:40,0.788,high,117.4,104.4,2026-05-03T04:00:00+00:00,Strength signal tilts toward DET (pre-game Elo win proxy). / DET has been the sharper shooting team recently (rolling eFG%). / ORL has taken better care of the ball lately (lower turnover rate).
PHI @ BOS,05/02/2026,,Boston Celtics,Philadelphia 76ers,0.726,2026-05-01T19:19:40,0.726,high,106.7,107.8,2026-05-02T23:30:00+00:00,Strength signal tilts toward BOS (pre-game Elo win proxy). / BOS has generated more second chances on the glass recently. / BOS has been the sharper shooting team recently (rolling eFG%). / PHI has taken better care of the ball lately (lower turnover rate).
HOU @ LAL,05/03/2026,,Los Angeles Lakers,Houston Rockets,0.6381,2026-05-01T19:19:40,0.6381,medium,96.0,98.3,2026-05-03T04:00:00+00:00,Strength signal tilts toward LAL (pre-game Elo win proxy). / HOU has generated more second chances on the glass recently. / LAL has been the sharper shooting team recently (rolling eFG%). / HOU has taken better care of the ball lately (lower turnover rate).
CLE @ TOR,05/01/2026,,Toronto Raptors,Cleveland Cavaliers,0.6335,2026-05-01T19:19:40,0.6335,medium,111.7,110.3,2026-05-01T23:30:00+00:00,CLE has generated more second chances on the glass recently. / TOR has lived at the line more often (higher FTA/FGA). / TOR has taken better care of the ball lately (lower turnover rate).
LAL @ HOU,05/01/2026,,Houston Rockets,Los Angeles Lakers,0.5464,2026-05-01T19:19:40,0.5464,low,109.5,102.5,2026-05-02T01:30:00+00:00,HOU has generated more second chances on the glass recently. / LAL has been the sharper shooting team recently (rolling eFG%). / HOU has taken better care of the ball lately (lower turnover rate). / LAL has lived at the line more often (higher FTA/FGA).
DET @ ORL,05/01/2026,,Orlando Magic,Detroit Pistons,0.4825,2026-05-01T19:19:40,0.5175,low,115.1,100.3,2026-05-01T23:00:00+00:00,DET has been the sharper shooting team recently (rolling eFG%). / ORL has taken better care of the ball lately (lower turnover rate).
SAS @ MIN,05/10/2026,,Minnesota Timberwolves,San Antonio Spurs,0.4227,2026-05-01T19:19:40,0.5773,medium,110.8,119.7,2026-05-10T04:00:00+00:00,MIN's recent games have been played at a faster tempo (possession proxy). / Strength signal tilts toward SAS (pre-game Elo win proxy). / SAS has generated more second chances on the glass recently. / SAS has been the sharper shooting team recently (rolling eFG%).
SAS @ MIN,05/08/2026,,Minnesota Timberwolves,San Antonio Spurs,0.4109,2026-05-01T19:19:40,0.5891,medium,110.8,119.5,2026-05-08T04:00:00+00:00,MIN's recent games have been played at a faster tempo (possession proxy). / SAS comes in with more rest than MIN (day gap). / Strength signal tilts toward SAS (pre-game Elo win proxy). / SAS has generated more second chances on the glass recently.
TOR @ CLE,05/03/2026,,Cleveland Cavaliers,Toronto Raptors,0.4016,2026-05-01T19:19:40,0.5984,medium,121.7,118.5,2026-05-03T04:00:00+00:00,Strength signal tilts toward CLE (pre-game Elo win proxy). / CLE has generated more second chances on the glass recently. / TOR has lived at the line more often (higher FTA/FGA). / TOR has taken better care of the ball lately (lower turnover rate).
MIN @ SAS,05/04/2026,,San Antonio Spurs,Minnesota Timberwolves,0.8209,2026-05-01T19:35:40,0.8209,high,123.5,108.2,2026-05-04T04:00:00+00:00,MIN's recent games have been played at a faster tempo (possession proxy). / SAS comes in with more rest than MIN (day gap). / Strength signal tilts toward SAS (pre-game Elo win proxy). / SAS has generated more second chances on the glass recently.
MIN @ SAS,05/06/2026,,San Antonio Spurs,Minnesota Timberwolves,0.8165,2026-05-01T19:35:40,0.8165,high,123.5,108.2,2026-05-06T04:00:00+00:00,MIN's recent games have been played at a faster tempo (possession proxy). / SAS comes in with more rest than MIN (day gap). / Strength signal tilts toward SAS (pre-game Elo win proxy). / SAS has generated more second chances on the glass recently.
ORL @ DET,05/03/2026,,Detroit Pistons,Orlando Magic,0.788,2026-05-01T19:35:40,0.788,high,117.4,104.4,2026-05-03T04:00:00+00:00,Strength signal tilts toward DET (pre-game Elo win proxy). / DET has been the sharper shooting team recently (rolling eFG%). / ORL has taken better care of the ball lately (lower turnover rate).
PHI @ BOS,05/02/2026,,Boston Celtics,Philadelphia 76ers,0.726,2026-05-01T19:35:40,0.726,high,106.7,107.8,2026-05-02T23:30:00+00:00,Strength signal tilts toward BOS (pre-game Elo win proxy). / BOS has generated more second chances on the glass recently. / BOS has been the sharper shooting team recently (rolling eFG%). / PHI has taken better care of the ball lately (lower turnover rate).
HOU @ LAL,05/03/2026,,Los Angeles Lakers,Houston Rockets,0.6381,2026-05-01T19:35:40,0.6381,medium,96.0,98.3,2026-05-03T04:00:00+00:00,Strength signal tilts toward LAL (pre-game Elo win proxy). / HOU has generated more second chances on the glass recently. / LAL has been the sharper shooting team recently (rolling eFG%). / HOU has taken better care of the ball lately (lower turnover rate).
CLE @ TOR,05/01/2026,,Toronto Raptors,Cleveland Cavaliers,0.6335,2026-05-01T19:35:40,0.6335,medium,111.7,110.3,2026-05-01T23:30:00+00:00,CLE has generated more second chances on the glass recently. / TOR has lived at the line more often (higher FTA/FGA). / TOR has taken better care of the ball lately (lower turnover rate).
LAL @ HOU,05/01/2026,,Houston Rockets,Los Angeles Lakers,0.5464,2026-05-01T19:35:40,0.5464,low,109.5,102.5,2026-05-02T01:30:00+00:00,HOU has generated more second chances on the glass recently. / LAL has been the sharper shooting team recently (rolling eFG%). / HOU has taken better care of the ball lately (lower turnover rate). / LAL has lived at the line more often (higher FTA/FGA).
DET @ ORL,05/01/2026,,Orlando Magic,Detroit Pistons,0.4825,2026-05-01T19:35:40,0.5175,low,115.1,100.3,2026-05-01T23:00:00+00:00,DET has been the sharper shooting team recently (rolling eFG%). / ORL has taken better care of the ball lately (lower turnover rate).
SAS @ MIN,05/08/2026,,Minnesota Timberwolves,San Antonio Spurs,0.4109,2026-05-01T19:35:40,0.5891,medium,110.8,119.5,2026-05-08T04:00:00+00:00,MIN's recent games have been played at a faster tempo (possession proxy). / SAS comes in with more rest than MIN (day gap). / Strength signal tilts toward SAS (pre-game Elo win proxy). / SAS has generated more second chances on the glass recently.
TOR @ CLE,05/03/2026,,Cleveland Cavaliers,Toronto Raptors,0.4016,2026-05-01T19:35:40,0.5984,medium,121.7,118.5,2026-05-03T04:00:00+00:00,Strength signal tilts toward CLE (pre-game Elo win proxy). / CLE has generated more second chances on the glass recently. / TOR has lived at the line more often (higher FTA/FGA). / TOR has taken better care of the ball lately (lower turnover rate).
MIN @ SAS,05/04/2026,,San Antonio Spurs,Minnesota Timberwolves,0.8209,2026-05-01T19:36:34,0.8209,high,123.5,108.2,2026-05-04T04:00:00+00:00,MIN's recent games have been played at a faster tempo (possession proxy). / SAS comes in with more rest than MIN (day gap). / Strength signal tilts toward SAS (pre-game Elo win proxy). / SAS has generated more second chances on the glass recently.
MIN @ SAS,05/06/2026,,San Antonio Spurs,Minnesota Timberwolves,0.8165,2026-05-01T19:36:34,0.8165,high,123.5,108.2,2026-05-06T04:00:00+00:00,MIN's recent games have been played at a faster tempo (possession proxy). / SAS comes in with more rest than MIN (day gap). / Strength signal tilts toward SAS (pre-game Elo win proxy). / SAS has generated more second chances on the glass recently.
ORL @ DET,05/03/2026,,Detroit Pistons,Orlando Magic,0.788,2026-05-01T19:36:34,0.788,high,117.4,104.4,2026-05-03T04:00:00+00:00,Strength signal tilts toward DET (pre-game Elo win proxy). / DET has been the sharper shooting team recently (rolling eFG%). / ORL has taken better care of the ball lately (lower turnover rate).
PHI @ BOS,05/02/2026,,Boston Celtics,Philadelphia 76ers,0.726,2026-05-01T19:36:34,0.726,high,106.7,107.8,2026-05-02T23:30:00+00:00,Strength signal tilts toward BOS (pre-game Elo win proxy). / BOS has generated more second chances on the glass recently. / BOS has been the sharper shooting team recently (rolling eFG%). / PHI has taken better care of the ball lately (lower turnover rate).
HOU @ LAL,05/03/2026,,Los Angeles Lakers,Houston Rockets,0.6381,2026-05-01T19:36:34,0.6381,medium,96.0,98.3,2026-05-03T04:00:00+00:00,Strength signal tilts toward LAL (pre-game Elo win proxy). / HOU has generated more second chances on the glass recently. / LAL has been the sharper shooting team recently (rolling eFG%). / HOU has taken better care of the ball lately (lower turnover rate).
CLE @ TOR,05/01/2026,,Toronto Raptors,Cleveland Cavaliers,0.6335,2026-05-01T19:36:34,0.6335,medium,111.7,110.3,2026-05-01T23:30:00+00:00,CLE has generated more second chances on the glass recently. / TOR has lived at the line more often (higher FTA/FGA). / TOR has taken better care of the ball lately (lower turnover rate).
LAL @ HOU,05/01/2026,,Houston Rockets,Los Angeles Lakers,0.5464,2026-05-01T19:36:34,0.5464,low,109.5,102.5,2026-05-02T01:30:00+00:00,HOU has generated more second chances on the glass recently. / LAL has been the sharper shooting team recently (rolling eFG%). / HOU has taken better care of the ball lately (lower turnover rate). / LAL has lived at the line more often (higher FTA/FGA).
DET @ ORL,05/01/2026,,Orlando Magic,Detroit Pistons,0.4825,2026-05-01T19:36:34,0.5175,low,115.1,100.3,2026-05-01T23:00:00+00:00,DET has been the sharper shooting team recently (rolling eFG%). / ORL has taken better care of the ball lately (lower turnover rate).
SAS @ MIN,05/08/2026,,Minnesota Timberwolves,San Antonio Spurs,0.4109,2026-05-01T19:36:34,0.5891,medium,110.8,119.5,2026-05-08T04:00:00+00:00,MIN's recent games have been played at a faster tempo (possession proxy). / SAS comes in with more rest than MIN (day gap). / Strength signal tilts toward SAS (pre-game Elo win proxy). / SAS has generated more second chances on the glass recently.
TOR @ CLE,05/03/2026,,Cleveland Cavaliers,Toronto Raptors,0.4016,2026-05-01T19:36:34,0.5984,medium,121.7,118.5,2026-05-03T04:00:00+00:00,Strength signal tilts toward CLE (pre-game Elo win proxy). / CLE has generated more second chances on the glass recently. / TOR has lived at the line more often (higher FTA/FGA). / TOR has taken better care of the ball lately (lower turnover rate).
MIN @ SAS,05/04/2026,,San Antonio Spurs,Minnesota Timberwolves,0.8209,2026-05-01T19:36:51,0.8209,high,123.5,108.2,2026-05-04T04:00:00+00:00,MIN's recent games have been played at a faster tempo (possession proxy). / SAS comes in with more rest than MIN (day gap). / Strength signal tilts toward SAS (pre-game Elo win proxy). / SAS has generated more second chances on the glass recently.
MIN @ SAS,05/06/2026,,San Antonio Spurs,Minnesota Timberwolves,0.8165,2026-05-01T19:36:51,0.8165,high,123.5,108.2,2026-05-06T04:00:00+00:00,MIN's recent games have been played at a faster tempo (possession proxy). / SAS comes in with more rest than MIN (day gap). / Strength signal tilts toward SAS (pre-game Elo win proxy). / SAS has generated more second chances on the glass recently.
MIN @ SAS,05/12/2026,,San Antonio Spurs,Minnesota Timberwolves,0.7998,2026-05-01T19:36:51,0.7998,high,119.2,108.0,2026-05-12T04:00:00+00:00,MIN's recent games have been played at a faster tempo (possession proxy). / Strength signal tilts toward SAS (pre-game Elo win proxy). / SAS has generated more second chances on the glass recently. / SAS has been the sharper shooting team recently (rolling eFG%).
ORL @ DET,05/03/2026,,Detroit Pistons,Orlando Magic,0.788,2026-05-01T19:36:51,0.788,high,117.4,104.4,2026-05-03T04:00:00+00:00,Strength signal tilts toward DET (pre-game Elo win proxy). / DET has been the sharper shooting team recently (rolling eFG%). / ORL has taken better care of the ball lately (lower turnover rate).
PHI @ BOS,05/02/2026,,Boston Celtics,Philadelphia 76ers,0.726,2026-05-01T19:36:51,0.726,high,106.7,107.8,2026-05-02T23:30:00+00:00,Strength signal tilts toward BOS (pre-game Elo win proxy). / BOS has generated more second chances on the glass recently. / BOS has been the sharper shooting team recently (rolling eFG%). / PHI has taken better care of the ball lately (lower turnover rate).
HOU @ LAL,05/03/2026,,Los Angeles Lakers,Houston Rockets,0.6381,2026-05-01T19:36:51,0.6381,medium,96.0,98.3,2026-05-03T04:00:00+00:00,Strength signal tilts toward LAL (pre-game Elo win proxy). / HOU has generated more second chances on the glass recently. / LAL has been the sharper shooting team recently (rolling eFG%). / HOU has taken better care of the ball lately (lower turnover rate).
CLE @ TOR,05/01/2026,,Toronto Raptors,Cleveland Cavaliers,0.6335,2026-05-01T19:36:51,0.6335,medium,111.7,110.3,2026-05-01T23:30:00+00:00,CLE has generated more second chances on the glass recently. / TOR has lived at the line more often (higher FTA/FGA). / TOR has taken better care of the ball lately (lower turnover rate).
LAL @ HOU,05/01/2026,,Houston Rockets,Los Angeles Lakers,0.5464,2026-05-01T19:36:51,0.5464,low,109.5,102.5,2026-05-02T01:30:00+00:00,HOU has generated more second chances on the glass recently. / LAL has been the sharper shooting team recently (rolling eFG%). / HOU has taken better care of the ball lately (lower turnover rate). / LAL has lived at the line more often (higher FTA/FGA).
DET @ ORL,05/01/2026,,Orlando Magic,Detroit Pistons,0.4825,2026-05-01T19:36:51,0.5175,low,115.1,100.3,2026-05-01T23:00:00+00:00,DET has been the sharper shooting team recently (rolling eFG%). / ORL has taken better care of the ball lately (lower turnover rate).
SAS @ MIN,05/10/2026,,Minnesota Timberwolves,San Antonio Spurs,0.4227,2026-05-01T19:36:51,0.5773,medium,110.8,119.7,2026-05-10T04:00:00+00:00,MIN's recent games have been played at a faster tempo (possession proxy). / Strength signal tilts toward SAS (pre-game Elo win proxy). / SAS has generated more second chances on the glass recently. / SAS has been the sharper shooting team recently (rolling eFG%).
SAS @ MIN,05/08/2026,,Minnesota Timberwolves,San Antonio Spurs,0.4109,2026-05-01T19:36:51,0.5891,medium,110.8,119.5,2026-05-08T04:00:00+00:00,MIN's recent games have been played at a faster tempo (possession proxy). / SAS comes in with more rest than MIN (day gap). / Strength signal tilts toward SAS (pre-game Elo win proxy). / SAS has generated more second chances on the glass recently.
TOR @ CLE,05/03/2026,,Cleveland Cavaliers,Toronto Raptors,0.4016,2026-05-01T19:36:51,0.5984,medium,121.7,118.5,2026-05-03T04:00:00+00:00,Strength signal tilts toward CLE (pre-game Elo win proxy). / CLE has generated more second chances on the glass recently. / TOR has lived at the line more often (higher FTA/FGA). / TOR has taken better care of the ball lately (lower turnover rate).
MIN @ SAS,05/04/2026,,San Antonio Spurs,Minnesota Timberwolves,0.8209,2026-05-01T19:40:45,0.8209,high,123.5,108.2,2026-05-04T04:00:00+00:00,MIN's recent games have been played at a faster tempo (possession proxy). / SAS comes in with more rest than MIN (day gap). / Strength signal tilts toward SAS (pre-game Elo win proxy). / SAS has generated more second chances on the glass recently.
MIN @ SAS,05/06/2026,,San Antonio Spurs,Minnesota Timberwolves,0.8165,2026-05-01T19:40:45,0.8165,high,123.5,108.2,2026-05-06T04:00:00+00:00,MIN's recent games have been played at a faster tempo (possession proxy). / SAS comes in with more rest than MIN (day gap). / Strength signal tilts toward SAS (pre-game Elo win proxy). / SAS has generated more second chances on the glass recently.
MIN @ SAS,05/12/2026,,San Antonio Spurs,Minnesota Timberwolves,0.7998,2026-05-01T19:40:45,0.7998,high,119.2,108.0,2026-05-12T04:00:00+00:00,MIN's recent games have been played at a faster tempo (possession proxy). / Strength signal tilts toward SAS (pre-game Elo win proxy). / SAS has generated more second chances on the glass recently. / SAS has been the sharper shooting team recently (rolling eFG%).
ORL @ DET,05/03/2026,,Detroit Pistons,Orlando Magic,0.788,2026-05-01T19:40:45,0.788,high,117.4,104.4,2026-05-03T04:00:00+00:00,Strength signal tilts toward DET (pre-game Elo win proxy). / DET has been the sharper shooting team recently (rolling eFG%). / ORL has taken better care of the ball lately (lower turnover rate).
PHI @ BOS,05/02/2026,,Boston Celtics,Philadelphia 76ers,0.726,2026-05-01T19:40:45,0.726,high,106.7,107.8,2026-05-02T23:30:00+00:00,Strength signal tilts toward BOS (pre-game Elo win proxy). / BOS has generated more second chances on the glass recently. / BOS has been the sharper shooting team recently (rolling eFG%). / PHI has taken better care of the ball lately (lower turnover rate).
HOU @ LAL,05/03/2026,,Los Angeles Lakers,Houston Rockets,0.6381,2026-05-01T19:40:45,0.6381,medium,96.0,98.3,2026-05-03T04:00:00+00:00,Strength signal tilts toward LAL (pre-game Elo win proxy). / HOU has generated more second chances on the glass recently. / LAL has been the sharper shooting team recently (rolling eFG%). / HOU has taken better care of the ball lately (lower turnover rate).
CLE @ TOR,05/01/2026,,Toronto Raptors,Cleveland Cavaliers,0.6335,2026-05-01T19:40:45,0.6335,medium,111.7,110.3,2026-05-01T23:30:00+00:00,CLE has generated more second chances on the glass recently. / TOR has lived at the line more often (higher FTA/FGA). / TOR has taken better care of the ball lately (lower turnover rate).
LAL @ HOU,05/01/2026,,Houston Rockets,Los Angeles Lakers,0.5464,2026-05-01T19:40:45,0.5464,low,109.5,102.5,2026-05-02T01:30:00+00:00,HOU has generated more second chances on the glass recently. / LAL has been the sharper shooting team recently (rolling eFG%). / HOU has taken better care of the ball lately (lower turnover rate). / LAL has lived at the line more often (higher FTA/FGA).
DET @ ORL,05/01/2026,,Orlando Magic,Detroit Pistons,0.4825,2026-05-01T19:40:45,0.5175,low,115.1,100.3,2026-05-01T23:00:00+00:00,DET has been the sharper shooting team recently (rolling eFG%). / ORL has taken better care of the ball lately (lower turnover rate).
SAS @ MIN,05/10/2026,,Minnesota Timberwolves,San Antonio Spurs,0.4227,2026-05-01T19:40:45,0.5773,medium,110.8,119.7,2026-05-10T04:00:00+00:00,MIN's recent games have been played at a faster tempo (possession proxy). / Strength signal tilts toward SAS (pre-game Elo win proxy). / SAS has generated more second chances on the glass recently. / SAS has been the sharper shooting team recently (rolling eFG%).
SAS @ MIN,05/08/2026,,Minnesota Timberwolves,San Antonio Spurs,0.4109,2026-05-01T19:40:45,0.5891,medium,110.8,119.5,2026-05-08T04:00:00+00:00,MIN's recent games have been played at a faster tempo (possession proxy). / SAS comes in with more rest than MIN (day gap). / Strength signal tilts toward SAS (pre-game Elo win proxy). / SAS has generated more second chances on the glass recently.
TOR @ CLE,05/03/2026,,Cleveland Cavaliers,Toronto Raptors,0.4016,2026-05-01T19:40:45,0.5984,medium,121.7,118.5,2026-05-03T04:00:00+00:00,Strength signal tilts toward CLE (pre-game Elo win proxy). / CLE has generated more second chances on the glass recently. / TOR has lived at the line more often (higher FTA/FGA). / TOR has taken better care of the ball lately (lower turnover rate).
MIN @ SAS,05/04/2026,,San Antonio Spurs,Minnesota Timberwolves,0.8209,2026-05-01T19:42:38,0.8209,high,123.5,108.2,2026-05-04T04:00:00+00:00,MIN's recent games have been played at a faster tempo (possession proxy). / SAS comes in with more rest than MIN (day gap). / Strength signal tilts toward SAS (pre-game Elo win proxy). / SAS has generated more second chances on the glass recently.
MIN @ SAS,05/06/2026,,San Antonio Spurs,Minnesota Timberwolves,0.8165,2026-05-01T19:42:38,0.8165,high,123.5,108.2,2026-05-06T04:00:00+00:00,MIN's recent games have been played at a faster tempo (possession proxy). / SAS comes in with more rest than MIN (day gap). / Strength signal tilts toward SAS (pre-game Elo win proxy). / SAS has generated more second chances on the glass recently.
ORL @ DET,05/03/2026,,Detroit Pistons,Orlando Magic,0.788,2026-05-01T19:42:38,0.788,high,117.4,104.4,2026-05-03T04:00:00+00:00,Strength signal tilts toward DET (pre-game Elo win proxy). / DET has been the sharper shooting team recently (rolling eFG%). / ORL has taken better care of the ball lately (lower turnover rate).
PHI @ BOS,05/02/2026,,Boston Celtics,Philadelphia 76ers,0.726,2026-05-01T19:42:38,0.726,high,106.7,107.8,2026-05-02T23:30:00+00:00,Strength signal tilts toward BOS (pre-game Elo win proxy). / BOS has generated more second chances on the glass recently. / BOS has been the sharper shooting team recently (rolling eFG%). / PHI has taken better care of the ball lately (lower turnover rate).
HOU @ LAL,05/03/2026,,Los Angeles Lakers,Houston Rockets,0.6381,2026-05-01T19:42:38,0.6381,medium,96.0,98.3,2026-05-03T04:00:00+00:00,Strength signal tilts toward LAL (pre-game Elo win proxy). / HOU has generated more second chances on the glass recently. / LAL has been the sharper shooting team recently (rolling eFG%). / HOU has taken better care of the ball lately (lower turnover rate).
CLE @ TOR,05/01/2026,,Toronto Raptors,Cleveland Cavaliers,0.6335,2026-05-01T19:42:38,0.6335,medium,111.7,110.3,2026-05-01T23:30:00+00:00,CLE has generated more second chances on the glass recently. / TOR has lived at the line more often (higher FTA/FGA). / TOR has taken better care of the ball lately (lower turnover rate).
LAL @ HOU,05/01/2026,,Houston Rockets,Los Angeles Lakers,0.5464,2026-05-01T19:42:38,0.5464,low,109.5,102.5,2026-05-02T01:30:00+00:00,HOU has generated more second chances on the glass recently. / LAL has been the sharper shooting team recently (rolling eFG%). / HOU has taken better care of the ball lately (lower turnover rate). / LAL has lived at the line more often (higher FTA/FGA).
DET @ ORL,05/01/2026,,Orlando Magic,Detroit Pistons,0.4825,2026-05-01T19:42:38,0.5175,low,115.1,100.3,2026-05-01T23:00:00+00:00,DET has been the sharper shooting team recently (rolling eFG%). / ORL has taken better care of the ball lately (lower turnover rate).
SAS @ MIN,05/08/2026,,Minnesota Timberwolves,San Antonio Spurs,0.4109,2026-05-01T19:42:38,0.5891,medium,110.8,119.5,2026-05-08T04:00:00+00:00,MIN's recent games have been played at a faster tempo (possession proxy). / SAS comes in with more rest than MIN (day gap). / Strength signal tilts toward SAS (pre-game Elo win proxy). / SAS has generated more second chances on the glass recently.
TOR @ CLE,05/03/2026,,Cleveland Cavaliers,Toronto Raptors,0.4016,2026-05-01T19:42:38,0.5984,medium,121.7,118.5,2026-05-03T04:00:00+00:00,Strength signal tilts toward CLE (pre-game Elo win proxy). / CLE has generated more second chances on the glass recently. / TOR has lived at the line more often (higher FTA/FGA). / TOR has taken better care of the ball lately (lower turnover rate).
MIN @ SAS,05/04/2026,,San Antonio Spurs,Minnesota Timberwolves,0.8209,2026-05-01T19:43:03,0.8209,high,123.5,108.2,2026-05-04T04:00:00+00:00,MIN's recent games have been played at a faster tempo (possession proxy). / SAS comes in with more rest than MIN (day gap). / Strength signal tilts toward SAS (pre-game Elo win proxy). / SAS has generated more second chances on the glass recently.
MIN @ SAS,05/06/2026,,San Antonio Spurs,Minnesota Timberwolves,0.8165,2026-05-01T19:43:03,0.8165,high,123.5,108.2,2026-05-06T04:00:00+00:00,MIN's recent games have been played at a faster tempo (possession proxy). / SAS comes in with more rest than MIN (day gap). / Strength signal tilts toward SAS (pre-game Elo win proxy). / SAS has generated more second chances on the glass recently.
ORL @ DET,05/03/2026,,Detroit Pistons,Orlando Magic,0.788,2026-05-01T19:43:03,0.788,high,117.4,104.4,2026-05-03T04:00:00+00:00,Strength signal tilts toward DET (pre-game Elo win proxy). / DET has been the sharper shooting team recently (rolling eFG%). / ORL has taken better care of the ball lately (lower turnover rate).
PHI @ BOS,05/02/2026,,Boston Celtics,Philadelphia 76ers,0.726,2026-05-01T19:43:03,0.726,high,106.7,107.8,2026-05-02T23:30:00+00:00,Strength signal tilts toward BOS (pre-game Elo win proxy). / BOS has generated more second chances on the glass recently. / BOS has been the sharper shooting team recently (rolling eFG%). / PHI has taken better care of the ball lately (lower turnover rate).
HOU @ LAL,05/03/2026,,Los Angeles Lakers,Houston Rockets,0.6381,2026-05-01T19:43:03,0.6381,medium,96.0,98.3,2026-05-03T04:00:00+00:00,Strength signal tilts toward LAL (pre-game Elo win proxy). / HOU has generated more second chances on the glass recently. / LAL has been the sharper shooting team recently (rolling eFG%). / HOU has taken better care of the ball lately (lower turnover rate).
CLE @ TOR,05/01/2026,,Toronto Raptors,Cleveland Cavaliers,0.6335,2026-05-01T19:43:03,0.6335,medium,111.7,110.3,2026-05-01T23:30:00+00:00,CLE has generated more second chances on the glass recently. / TOR has lived at the line more often (higher FTA/FGA). / TOR has taken better care of the ball lately (lower turnover rate).
LAL @ HOU,05/01/2026,,Houston Rockets,Los Angeles Lakers,0.5464,2026-05-01T19:43:03,0.5464,low,109.5,102.5,2026-05-02T01:30:00+00:00,HOU has generated more second chances on the glass recently. / LAL has been the sharper shooting team recently (rolling eFG%). / HOU has taken better care of the ball lately (lower turnover rate). / LAL has lived at the line more often (higher FTA/FGA).
DET @ ORL,05/01/2026,,Orlando Magic,Detroit Pistons,0.4825,2026-05-01T19:43:03,0.5175,low,115.1,100.3,2026-05-01T23:00:00+00:00,DET has been the sharper shooting team recently (rolling eFG%). / ORL has taken better care of the ball lately (lower turnover rate).
SAS @ MIN,05/10/2026,,Minnesota Timberwolves,San Antonio Spurs,0.4227,2026-05-01T19:43:03,0.5773,medium,110.8,119.7,2026-05-10T04:00:00+00:00,MIN's recent games have been played at a faster tempo (possession proxy). / Strength signal tilts toward SAS (pre-game Elo win proxy). / SAS has generated more second chances on the glass recently. / SAS has been the sharper shooting team recently (rolling eFG%).
SAS @ MIN,05/08/2026,,Minnesota Timberwolves,San Antonio Spurs,0.4109,2026-05-01T19:43:03,0.5891,medium,110.8,119.5,2026-05-08T04:00:00+00:00,MIN's recent games have been played at a faster tempo (possession proxy). / SAS comes in with more rest than MIN (day gap). / Strength signal tilts toward SAS (pre-game Elo win proxy). / SAS has generated more second chances on the glass recently.
TOR @ CLE,05/03/2026,,Cleveland Cavaliers,Toronto Raptors,0.4016,2026-05-01T19:43:03,0.5984,medium,121.7,118.5,2026-05-03T04:00:00+00:00,Strength signal tilts toward CLE (pre-game Elo win proxy). / CLE has generated more second chances on the glass recently. / TOR has lived at the line more often (higher FTA/FGA). / TOR has taken better care of the ball lately (lower turnover rate).
MIN @ SAS,05/04/2026,,San Antonio Spurs,Minnesota Timberwolves,0.8209,2026-05-01T19:55:52,0.8209,high,123.5,108.2,2026-05-04T04:00:00+00:00,MIN's recent games have been played at a faster tempo (possession proxy). / SAS comes in with more rest than MIN (day gap). / Strength signal tilts toward SAS (pre-game Elo win proxy). / SAS has generated more second chances on the glass recently.
MIN @ SAS,05/06/2026,,San Antonio Spurs,Minnesota Timberwolves,0.8165,2026-05-01T19:55:52,0.8165,high,123.5,108.2,2026-05-06T04:00:00+00:00,MIN's recent games have been played at a faster tempo (possession proxy). / SAS comes in with more rest than MIN (day gap). / Strength signal tilts toward SAS (pre-game Elo win proxy). / SAS has generated more second chances on the glass recently.
ORL @ DET,05/03/2026,,Detroit Pistons,Orlando Magic,0.788,2026-05-01T19:55:52,0.788,high,117.4,104.4,2026-05-03T04:00:00+00:00,Strength signal tilts toward DET (pre-game Elo win proxy). / DET has been the sharper shooting team recently (rolling eFG%). / ORL has taken better care of the ball lately (lower turnover rate).
PHI @ BOS,05/02/2026,,Boston Celtics,Philadelphia 76ers,0.726,2026-05-01T19:55:52,0.726,high,106.7,107.8,2026-05-02T23:30:00+00:00,Strength signal tilts toward BOS (pre-game Elo win proxy). / BOS has generated more second chances on the glass recently. / BOS has been the sharper shooting team recently (rolling eFG%). / PHI has taken better care of the ball lately (lower turnover rate).
HOU @ LAL,05/03/2026,,Los Angeles Lakers,Houston Rockets,0.6381,2026-05-01T19:55:52,0.6381,medium,96.0,98.3,2026-05-03T04:00:00+00:00,Strength signal tilts toward LAL (pre-game Elo win proxy). / HOU has generated more second chances on the glass recently. / LAL has been the sharper shooting team recently (rolling eFG%). / HOU has taken better care of the ball lately (lower turnover rate).
CLE @ TOR,05/01/2026,,Toronto Raptors,Cleveland Cavaliers,0.6335,2026-05-01T19:55:52,0.6335,medium,111.7,110.3,2026-05-01T23:30:00+00:00,CLE has generated more second chances on the glass recently. / TOR has lived at the line more often (higher FTA/FGA). / TOR has taken better care of the ball lately (lower turnover rate).
LAL @ HOU,05/01/2026,,Houston Rockets,Los Angeles Lakers,0.5464,2026-05-01T19:55:52,0.5464,low,109.5,102.5,2026-05-02T01:30:00+00:00,HOU has generated more second chances on the glass recently. / LAL has been the sharper shooting team recently (rolling eFG%). / HOU has taken better care of the ball lately (lower turnover rate). / LAL has lived at the line more often (higher FTA/FGA).
DET @ ORL,05/01/2026,,Orlando Magic,Detroit Pistons,0.4825,2026-05-01T19:55:52,0.5175,low,115.1,100.3,2026-05-01T23:00:00+00:00,DET has been the sharper shooting team recently (rolling eFG%). / ORL has taken better care of the ball lately (lower turnover rate).
SAS @ MIN,05/10/2026,,Minnesota Timberwolves,San Antonio Spurs,0.4227,2026-05-01T19:55:52,0.5773,medium,110.8,119.7,2026-05-10T04:00:00+00:00,MIN's recent games have been played at a faster tempo (possession proxy). / Strength signal tilts toward SAS (pre-game Elo win proxy). / SAS has generated more second chances on the glass recently. / SAS has been the sharper shooting team recently (rolling eFG%).
SAS @ MIN,05/08/2026,,Minnesota Timberwolves,San Antonio Spurs,0.4109,2026-05-01T19:55:52,0.5891,medium,110.8,119.5,2026-05-08T04:00:00+00:00,MIN's recent games have been played at a faster tempo (possession proxy). / SAS comes in with more rest than MIN (day gap). / Strength signal tilts toward SAS (pre-game Elo win proxy). / SAS has generated more second chances on the glass recently.
TOR @ CLE,05/03/2026,,Cleveland Cavaliers,Toronto Raptors,0.4016,2026-05-01T19:55:52,0.5984,medium,121.7,118.5,2026-05-03T04:00:00+00:00,Strength signal tilts toward CLE (pre-game Elo win proxy). / CLE has generated more second chances on the glass recently. / TOR has lived at the line more often (higher FTA/FGA). / TOR has taken better care of the ball lately (lower turnover rate).
MIN @ SAS,05/04/2026,,San Antonio Spurs,Minnesota Timberwolves,0.8209,2026-05-01T19:56:59,0.8209,high,123.5,108.2,2026-05-04T04:00:00+00:00,MIN's recent games have been played at a faster tempo (possession proxy). / SAS comes in with more rest than MIN (day gap). / Strength signal tilts toward SAS (pre-game Elo win proxy). / SAS has generated more second chances on the glass recently.
MIN @ SAS,05/06/2026,,San Antonio Spurs,Minnesota Timberwolves,0.8165,2026-05-01T19:56:59,0.8165,high,123.5,108.2,2026-05-06T04:00:00+00:00,MIN's recent games have been played at a faster tempo (possession proxy). / SAS comes in with more rest than MIN (day gap). / Strength signal tilts toward SAS (pre-game Elo win proxy). / SAS has generated more second chances on the glass recently.
ORL @ DET,05/03/2026,,Detroit Pistons,Orlando Magic,0.788,2026-05-01T19:56:59,0.788,high,117.4,104.4,2026-05-03T04:00:00+00:00,Strength signal tilts toward DET (pre-game Elo win proxy). / DET has been the sharper shooting team recently (rolling eFG%). / ORL has taken better care of the ball lately (lower turnover rate).
PHI @ BOS,05/02/2026,,Boston Celtics,Philadelphia 76ers,0.726,2026-05-01T19:56:59,0.726,high,106.7,107.8,2026-05-02T23:30:00+00:00,Strength signal tilts toward BOS (pre-game Elo win proxy). / BOS has generated more second chances on the glass recently. / BOS has been the sharper shooting team recently (rolling eFG%). / PHI has taken better care of the ball lately (lower turnover rate).
HOU @ LAL,05/03/2026,,Los Angeles Lakers,Houston Rockets,0.6381,2026-05-01T19:56:59,0.6381,medium,96.0,98.3,2026-05-03T04:00:00+00:00,Strength signal tilts toward LAL (pre-game Elo win proxy). / HOU has generated more second chances on the glass recently. / LAL has been the sharper shooting team recently (rolling eFG%). / HOU has taken better care of the ball lately (lower turnover rate).
CLE @ TOR,05/01/2026,,Toronto Raptors,Cleveland Cavaliers,0.6335,2026-05-01T19:56:59,0.6335,medium,111.7,110.3,2026-05-01T23:30:00+00:00,CLE has generated more second chances on the glass recently. / TOR has lived at the line more often (higher FTA/FGA). / TOR has taken better care of the ball lately (lower turnover rate).
LAL @ HOU,05/01/2026,,Houston Rockets,Los Angeles Lakers,0.5464,2026-05-01T19:56:59,0.5464,low,109.5,102.5,2026-05-02T01:30:00+00:00,HOU has generated more second chances on the glass recently. / LAL has been the sharper shooting team recently (rolling eFG%). / HOU has taken better care of the ball lately (lower turnover rate). / LAL has lived at the line more often (higher FTA/FGA).
DET @ ORL,05/01/2026,,Orlando Magic,Detroit Pistons,0.4825,2026-05-01T19:56:59,0.5175,low,115.1,100.3,2026-05-01T23:00:00+00:00,DET has been the sharper shooting team recently (rolling eFG%). / ORL has taken better care of the ball lately (lower turnover rate).
SAS @ MIN,05/10/2026,,Minnesota Timberwolves,San Antonio Spurs,0.4227,2026-05-01T19:56:59,0.5773,medium,110.8,119.7,2026-05-10T04:00:00+00:00,MIN's recent games have been played at a faster tempo (possession proxy). / Strength signal tilts toward SAS (pre-game Elo win proxy). / SAS has generated more second chances on the glass recently. / SAS has been the sharper shooting team recently (rolling eFG%).
SAS @ MIN,05/08/2026,,Minnesota Timberwolves,San Antonio Spurs,0.4109,2026-05-01T19:56:59,0.5891,medium,110.8,119.5,2026-05-08T04:00:00+00:00,MIN's recent games have been played at a faster tempo (possession proxy). / SAS comes in with more rest than MIN (day gap). / Strength signal tilts toward SAS (pre-game Elo win proxy). / SAS has generated more second chances on the glass recently.
TOR @ CLE,05/03/2026,,Cleveland Cavaliers,Toronto Raptors,0.4016,2026-05-01T19:56:59,0.5984,medium,121.7,118.5,2026-05-03T04:00:00+00:00,Strength signal tilts toward CLE (pre-game Elo win proxy). / CLE has generated more second chances on the glass recently. / TOR has lived at the line more often (higher FTA/FGA). / TOR has taken better care of the ball lately (lower turnover rate).
MIN @ SAS,05/04/2026,,San Antonio Spurs,Minnesota Timberwolves,0.8209,2026-05-01T19:57:28,0.8209,high,123.5,108.2,2026-05-04T04:00:00+00:00,MIN's recent games have been played at a faster tempo (possession proxy). / SAS comes in with more rest than MIN (day gap). / Strength signal tilts toward SAS (pre-game Elo win proxy). / SAS has generated more second chances on the glass recently.
MIN @ SAS,05/06/2026,,San Antonio Spurs,Minnesota Timberwolves,0.8165,2026-05-01T19:57:28,0.8165,high,123.5,108.2,2026-05-06T04:00:00+00:00,MIN's recent games have been played at a faster tempo (possession proxy). / SAS comes in with more rest than MIN (day gap). / Strength signal tilts toward SAS (pre-game Elo win proxy). / SAS has generated more second chances on the glass recently.
ORL @ DET,05/03/2026,,Detroit Pistons,Orlando Magic,0.788,2026-05-01T19:57:28,0.788,high,117.4,104.4,2026-05-03T04:00:00+00:00,Strength signal tilts toward DET (pre-game Elo win proxy). / DET has been the sharper shooting team recently (rolling eFG%). / ORL has taken better care of the ball lately (lower turnover rate).
PHI @ BOS,05/02/2026,,Boston Celtics,Philadelphia 76ers,0.726,2026-05-01T19:57:28,0.726,high,106.7,107.8,2026-05-02T23:30:00+00:00,Strength signal tilts toward BOS (pre-game Elo win proxy). / BOS has generated more second chances on the glass recently. / BOS has been the sharper shooting team recently (rolling eFG%). / PHI has taken better care of the ball lately (lower turnover rate).
HOU @ LAL,05/03/2026,,Los Angeles Lakers,Houston Rockets,0.6381,2026-05-01T19:57:28,0.6381,medium,96.0,98.3,2026-05-03T04:00:00+00:00,Strength signal tilts toward LAL (pre-game Elo win proxy). / HOU has generated more second chances on the glass recently. / LAL has been the sharper shooting team recently (rolling eFG%). / HOU has taken better care of the ball lately (lower turnover rate).
CLE @ TOR,05/01/2026,,Toronto Raptors,Cleveland Cavaliers,0.6335,2026-05-01T19:57:28,0.6335,medium,111.7,110.3,2026-05-01T23:30:00+00:00,CLE has generated more second chances on the glass recently. / TOR has lived at the line more often (higher FTA/FGA). / TOR has taken better care of the ball lately (lower turnover rate).
LAL @ HOU,05/01/2026,,Houston Rockets,Los Angeles Lakers,0.5464,2026-05-01T19:57:28,0.5464,low,109.5,102.5,2026-05-02T01:30:00+00:00,HOU has generated more second chances on the glass recently. / LAL has been the sharper shooting team recently (rolling eFG%). / HOU has taken better care of the ball lately (lower turnover rate). / LAL has lived at the line more often (higher FTA/FGA).
DET @ ORL,05/01/2026,,Orlando Magic,Detroit Pistons,0.4825,2026-05-01T19:57:28,0.5175,low,115.1,100.3,2026-05-01T23:00:00+00:00,DET has been the sharper shooting team recently (rolling eFG%). / ORL has taken better care of the ball lately (lower turnover rate).
SAS @ MIN,05/10/2026,,Minnesota Timberwolves,San Antonio Spurs,0.4227,2026-05-01T19:57:28,0.5773,medium,110.8,119.7,2026-05-10T04:00:00+00:00,MIN's recent games have been played at a faster tempo (possession proxy). / Strength signal tilts toward SAS (pre-game Elo win proxy). / SAS has generated more second chances on the glass recently. / SAS has been the sharper shooting team recently (rolling eFG%).
SAS @ MIN,05/08/2026,,Minnesota Timberwolves,San Antonio Spurs,0.4109,2026-05-01T19:57:28,0.5891,medium,110.8,119.5,2026-05-08T04:00:00+00:00,MIN's recent games have been played at a faster tempo (possession proxy). / SAS comes in with more rest than MIN (day gap). / Strength signal tilts toward SAS (pre-game Elo win proxy). / SAS has generated more second chances on the glass recently.
TOR @ CLE,05/03/2026,,Cleveland Cavaliers,Toronto Raptors,0.4016,2026-05-01T19:57:28,0.5984,medium,121.7,118.5,2026-05-03T04:00:00+00:00,Strength signal tilts toward CLE (pre-game Elo win proxy). / CLE has generated more second chances on the glass recently. / TOR has lived at the line more often (higher FTA/FGA). / TOR has taken better care of the ball lately (lower turnover rate).
MIN @ SAS,05/04/2026,,San Antonio Spurs,Minnesota Timberwolves,0.8209,2026-05-01T21:26:23,0.8209,high,123.5,108.2,2026-05-04T04:00:00+00:00,MIN's recent games have been played at a faster tempo (possession proxy). / SAS comes in with more rest than MIN (day gap). / Strength signal tilts toward SAS (pre-game Elo win proxy). / SAS has generated more second chances on the glass recently.
MIN @ SAS,05/06/2026,,San Antonio Spurs,Minnesota Timberwolves,0.8165,2026-05-01T21:26:23,0.8165,high,123.5,108.2,2026-05-06T04:00:00+00:00,MIN's recent games have been played at a faster tempo (possession proxy). / SAS comes in with more rest than MIN (day gap). / Strength signal tilts toward SAS (pre-game Elo win proxy). / SAS has generated more second chances on the glass recently.
ORL @ DET,05/03/2026,,Detroit Pistons,Orlando Magic,0.788,2026-05-01T21:26:23,0.788,high,117.4,104.4,2026-05-03T04:00:00+00:00,Strength signal tilts toward DET (pre-game Elo win proxy). / DET has been the sharper shooting team recently (rolling eFG%). / ORL has taken better care of the ball lately (lower turnover rate).
PHI @ BOS,05/02/2026,,Boston Celtics,Philadelphia 76ers,0.726,2026-05-01T21:26:23,0.726,high,106.7,107.8,2026-05-02T23:30:00+00:00,Strength signal tilts toward BOS (pre-game Elo win proxy). / BOS has generated more second chances on the glass recently. / BOS has been the sharper shooting team recently (rolling eFG%). / PHI has taken better care of the ball lately (lower turnover rate).
HOU @ LAL,05/03/2026,,Los Angeles Lakers,Houston Rockets,0.6381,2026-05-01T21:26:23,0.6381,medium,96.0,98.3,2026-05-03T04:00:00+00:00,Strength signal tilts toward LAL (pre-game Elo win proxy). / HOU has generated more second chances on the glass recently. / LAL has been the sharper shooting team recently (rolling eFG%). / HOU has taken better care of the ball lately (lower turnover rate).
CLE @ TOR,05/01/2026,,Toronto Raptors,Cleveland Cavaliers,0.6335,2026-05-01T21:26:23,0.6335,medium,111.7,110.3,,CLE has generated more second chances on the glass recently. / TOR has lived at the line more often (higher FTA/FGA). / TOR has taken better care of the ball lately (lower turnover rate).
LAL @ HOU,05/01/2026,,Houston Rockets,Los Angeles Lakers,0.5464,2026-05-01T21:26:23,0.5464,low,109.5,102.5,,HOU has generated more second chances on the glass recently. / LAL has been the sharper shooting team recently (rolling eFG%). / HOU has taken better care of the ball lately (lower turnover rate). / LAL has lived at the line more often (higher FTA/FGA).
DET @ ORL,05/01/2026,,Orlando Magic,Detroit Pistons,0.4825,2026-05-01T21:26:23,0.5175,low,115.1,100.3,,DET has been the sharper shooting team recently (rolling eFG%). / ORL has taken better care of the ball lately (lower turnover rate).
SAS @ MIN,05/10/2026,,Minnesota Timberwolves,San Antonio Spurs,0.4227,2026-05-01T21:26:23,0.5773,medium,110.8,119.7,2026-05-10T04:00:00+00:00,MIN's recent games have been played at a faster tempo (possession proxy). / Strength signal tilts toward SAS (pre-game Elo win proxy). / SAS has generated more second chances on the glass recently. / SAS has been the sharper shooting team recently (rolling eFG%).
SAS @ MIN,05/08/2026,,Minnesota Timberwolves,San Antonio Spurs,0.4109,2026-05-01T21:26:23,0.5891,medium,110.8,119.5,2026-05-08T04:00:00+00:00,MIN's recent games have been played at a faster tempo (possession proxy). / SAS comes in with more rest than MIN (day gap). / Strength signal tilts toward SAS (pre-game Elo win proxy). / SAS has generated more second chances on the glass recently.
TOR @ CLE,05/03/2026,,Cleveland Cavaliers,Toronto Raptors,0.4016,2026-05-01T21:26:23,0.5984,medium,121.7,118.5,2026-05-03T04:00:00+00:00,Strength signal tilts toward CLE (pre-game Elo win proxy). / CLE has generated more second chances on the glass recently. / TOR has lived at the line more often (higher FTA/FGA). / TOR has taken better care of the ball lately (lower turnover rate).
OKC @ PHX,05/01/2026,,Phoenix Suns,Oklahoma City Thunder,0.2646,2026-05-01T21:26:23,0.7354,high,118.5,126.8,,Strength signal tilts toward OKC (pre-game Elo win proxy). / OKC has taken better care of the ball lately (lower turnover rate). / PHX has generated more second chances on the glass recently. / OKC has been the sharper shooting team recently (rolling eFG%).
MIN @ SAS,05/04/2026,,San Antonio Spurs,Minnesota Timberwolves,0.8209,2026-05-01T21:34:09,0.8209,high,123.5,108.2,2026-05-04T04:00:00+00:00,MIN's recent games have been played at a faster tempo (possession proxy). / SAS comes in with more rest than MIN (day gap). / Strength signal tilts toward SAS (pre-game Elo win proxy). / SAS has generated more second chances on the glass recently.
MIN @ SAS,05/06/2026,,San Antonio Spurs,Minnesota Timberwolves,0.8165,2026-05-01T21:34:09,0.8165,high,123.5,108.2,2026-05-06T04:00:00+00:00,MIN's recent games have been played at a faster tempo (possession proxy). / SAS comes in with more rest than MIN (day gap). / Strength signal tilts toward SAS (pre-game Elo win proxy). / SAS has generated more second chances on the glass recently.
ORL @ DET,05/03/2026,,Detroit Pistons,Orlando Magic,0.788,2026-05-01T21:34:09,0.788,high,117.4,104.4,2026-05-03T04:00:00+00:00,Strength signal tilts toward DET (pre-game Elo win proxy). / DET has been the sharper shooting team recently (rolling eFG%). / ORL has taken better care of the ball lately (lower turnover rate).
PHI @ BOS,05/02/2026,,Boston Celtics,Philadelphia 76ers,0.726,2026-05-01T21:34:09,0.726,high,106.7,107.8,2026-05-02T23:30:00+00:00,Strength signal tilts toward BOS (pre-game Elo win proxy). / BOS has generated more second chances on the glass recently. / BOS has been the sharper shooting team recently (rolling eFG%). / PHI has taken better care of the ball lately (lower turnover rate).
HOU @ LAL,05/03/2026,,Los Angeles Lakers,Houston Rockets,0.6381,2026-05-01T21:34:09,0.6381,medium,96.0,98.3,2026-05-03T04:00:00+00:00,Strength signal tilts toward LAL (pre-game Elo win proxy). / HOU has generated more second chances on the glass recently. / LAL has been the sharper shooting team recently (rolling eFG%). / HOU has taken better care of the ball lately (lower turnover rate).
CLE @ TOR,05/01/2026,,Toronto Raptors,Cleveland Cavaliers,0.6335,2026-05-01T21:34:09,0.6335,medium,111.7,110.3,2026-05-01T23:30:00+00:00,CLE has generated more second chances on the glass recently. / TOR has lived at the line more often (higher FTA/FGA). / TOR has taken better care of the ball lately (lower turnover rate).
LAL @ HOU,05/01/2026,,Houston Rockets,Los Angeles Lakers,0.5464,2026-05-01T21:34:09,0.5464,low,109.5,102.5,2026-05-02T01:30:00+00:00,HOU has generated more second chances on the glass recently. / LAL has been the sharper shooting team recently (rolling eFG%). / HOU has taken better care of the ball lately (lower turnover rate). / LAL has lived at the line more often (higher FTA/FGA).
DET @ ORL,05/01/2026,,Orlando Magic,Detroit Pistons,0.4825,2026-05-01T21:34:09,0.5175,low,115.1,100.3,2026-05-01T23:00:00+00:00,DET has been the sharper shooting team recently (rolling eFG%). / ORL has taken better care of the ball lately (lower turnover rate).
SAS @ MIN,05/10/2026,,Minnesota Timberwolves,San Antonio Spurs,0.4227,2026-05-01T21:34:09,0.5773,medium,110.8,119.7,2026-05-10T04:00:00+00:00,MIN's recent games have been played at a faster tempo (possession proxy). / Strength signal tilts toward SAS (pre-game Elo win proxy). / SAS has generated more second chances on the glass recently. / SAS has been the sharper shooting team recently (rolling eFG%).
SAS @ MIN,05/08/2026,,Minnesota Timberwolves,San Antonio Spurs,0.4109,2026-05-01T21:34:09,0.5891,medium,110.8,119.5,2026-05-08T04:00:00+00:00,MIN's recent games have been played at a faster tempo (possession proxy). / SAS comes in with more rest than MIN (day gap). / Strength signal tilts toward SAS (pre-game Elo win proxy). / SAS has generated more second chances on the glass recently.
TOR @ CLE,05/03/2026,,Cleveland Cavaliers,Toronto Raptors,0.4016,2026-05-01T21:34:09,0.5984,medium,121.7,118.5,2026-05-03T04:00:00+00:00,Strength signal tilts toward CLE (pre-game Elo win proxy). / CLE has generated more second chances on the glass recently. / TOR has lived at the line more often (higher FTA/FGA). / TOR has taken better care of the ball lately (lower turnover rate).
MIN @ SAS,05/04/2026,,San Antonio Spurs,Minnesota Timberwolves,0.8209,2026-05-01T21:43:46,0.8209,high,123.5,108.2,2026-05-04T04:00:00+00:00,MIN's recent games have been played at a faster tempo (possession proxy). / SAS comes in with more rest than MIN (day gap). / Strength signal tilts toward SAS (pre-game Elo win proxy). / SAS has generated more second chances on the glass recently.
MIN @ SAS,05/06/2026,,San Antonio Spurs,Minnesota Timberwolves,0.8165,2026-05-01T21:43:46,0.8165,high,123.5,108.2,2026-05-06T04:00:00+00:00,MIN's recent games have been played at a faster tempo (possession proxy). / SAS comes in with more rest than MIN (day gap). / Strength signal tilts toward SAS (pre-game Elo win proxy). / SAS has generated more second chances on the glass recently.
ORL @ DET,05/03/2026,,Detroit Pistons,Orlando Magic,0.788,2026-05-01T21:43:46,0.788,high,117.4,104.4,2026-05-03T04:00:00+00:00,Strength signal tilts toward DET (pre-game Elo win proxy). / DET has been the sharper shooting team recently (rolling eFG%). / ORL has taken better care of the ball lately (lower turnover rate).
PHI @ BOS,05/02/2026,,Boston Celtics,Philadelphia 76ers,0.726,2026-05-01T21:43:46,0.726,high,106.7,107.8,2026-05-02T23:30:00+00:00,Strength signal tilts toward BOS (pre-game Elo win proxy). / BOS has generated more second chances on the glass recently. / BOS has been the sharper shooting team recently (rolling eFG%). / PHI has taken better care of the ball lately (lower turnover rate).
HOU @ LAL,05/03/2026,,Los Angeles Lakers,Houston Rockets,0.6381,2026-05-01T21:43:46,0.6381,medium,96.0,98.3,2026-05-03T04:00:00+00:00,Strength signal tilts toward LAL (pre-game Elo win proxy). / HOU has generated more second chances on the glass recently. / LAL has been the sharper shooting team recently (rolling eFG%). / HOU has taken better care of the ball lately (lower turnover rate).
CLE @ TOR,05/01/2026,,Toronto Raptors,Cleveland Cavaliers,0.6335,2026-05-01T21:43:46,0.6335,medium,111.7,110.3,2026-05-01T23:30:00+00:00,CLE has generated more second chances on the glass recently. / TOR has lived at the line more often (higher FTA/FGA). / TOR has taken better care of the ball lately (lower turnover rate).
LAL @ HOU,05/01/2026,,Houston Rockets,Los Angeles Lakers,0.5464,2026-05-01T21:43:46,0.5464,low,109.5,102.5,2026-05-02T01:30:00+00:00,HOU has generated more second chances on the glass recently. / LAL has been the sharper shooting team recently (rolling eFG%). / HOU has taken better care of the ball lately (lower turnover rate). / LAL has lived at the line more often (higher FTA/FGA).
DET @ ORL,05/01/2026,,Orlando Magic,Detroit Pistons,0.4825,2026-05-01T21:43:46,0.5175,low,115.1,100.3,2026-05-01T23:00:00+00:00,DET has been the sharper shooting team recently (rolling eFG%). / ORL has taken better care of the ball lately (lower turnover rate).
SAS @ MIN,05/10/2026,,Minnesota Timberwolves,San Antonio Spurs,0.4227,2026-05-01T21:43:46,0.5773,medium,110.8,119.7,2026-05-10T04:00:00+00:00,MIN's recent games have been played at a faster tempo (possession proxy). / Strength signal tilts toward SAS (pre-game Elo win proxy). / SAS has generated more second chances on the glass recently. / SAS has been the sharper shooting team recently (rolling eFG%).
SAS @ MIN,05/08/2026,,Minnesota Timberwolves,San Antonio Spurs,0.4109,2026-05-01T21:43:46,0.5891,medium,110.8,119.5,2026-05-08T04:00:00+00:00,MIN's recent games have been played at a faster tempo (possession proxy). / SAS comes in with more rest than MIN (day gap). / Strength signal tilts toward SAS (pre-game Elo win proxy). / SAS has generated more second chances on the glass recently.
TOR @ CLE,05/03/2026,,Cleveland Cavaliers,Toronto Raptors,0.4016,2026-05-01T21:43:46,0.5984,medium,121.7,118.5,2026-05-03T04:00:00+00:00,Strength signal tilts toward CLE (pre-game Elo win proxy). / CLE has generated more second chances on the glass recently. / TOR has lived at the line more often (higher FTA/FGA). / TOR has taken better care of the ball lately (lower turnover rate).
MIN @ SAS,05/04/2026,,San Antonio Spurs,Minnesota Timberwolves,0.8209,2026-05-01T21:45:09,0.8209,high,123.5,108.2,2026-05-04T04:00:00+00:00,MIN's recent games have been played at a faster tempo (possession proxy). / SAS comes in with more rest than MIN (day gap). / Strength signal tilts toward SAS (pre-game Elo win proxy). / SAS has generated more second chances on the glass recently.
MIN @ SAS,05/06/2026,,San Antonio Spurs,Minnesota Timberwolves,0.8165,2026-05-01T21:45:09,0.8165,high,123.5,108.2,2026-05-06T04:00:00+00:00,MIN's recent games have been played at a faster tempo (possession proxy). / SAS comes in with more rest than MIN (day gap). / Strength signal tilts toward SAS (pre-game Elo win proxy). / SAS has generated more second chances on the glass recently.
ORL @ DET,05/03/2026,,Detroit Pistons,Orlando Magic,0.788,2026-05-01T21:45:09,0.788,high,117.4,104.4,2026-05-03T04:00:00+00:00,Strength signal tilts toward DET (pre-game Elo win proxy). / DET has been the sharper shooting team recently (rolling eFG%). / ORL has taken better care of the ball lately (lower turnover rate).
PHI @ BOS,05/02/2026,,Boston Celtics,Philadelphia 76ers,0.726,2026-05-01T21:45:09,0.726,high,106.7,107.8,2026-05-02T23:30:00+00:00,Strength signal tilts toward BOS (pre-game Elo win proxy). / BOS has generated more second chances on the glass recently. / BOS has been the sharper shooting team recently (rolling eFG%). / PHI has taken better care of the ball lately (lower turnover rate).
HOU @ LAL,05/03/2026,,Los Angeles Lakers,Houston Rockets,0.6381,2026-05-01T21:45:09,0.6381,medium,96.0,98.3,2026-05-03T04:00:00+00:00,Strength signal tilts toward LAL (pre-game Elo win proxy). / HOU has generated more second chances on the glass recently. / LAL has been the sharper shooting team recently (rolling eFG%). / HOU has taken better care of the ball lately (lower turnover rate).
CLE @ TOR,05/01/2026,,Toronto Raptors,Cleveland Cavaliers,0.6335,2026-05-01T21:45:09,0.6335,medium,111.7,110.3,2026-05-01T23:30:00+00:00,CLE has generated more second chances on the glass recently. / TOR has lived at the line more often (higher FTA/FGA). / TOR has taken better care of the ball lately (lower turnover rate).
LAL @ HOU,05/01/2026,,Houston Rockets,Los Angeles Lakers,0.5464,2026-05-01T21:45:09,0.5464,low,109.5,102.5,2026-05-02T01:30:00+00:00,HOU has generated more second chances on the glass recently. / LAL has been the sharper shooting team recently (rolling eFG%). / HOU has taken better care of the ball lately (lower turnover rate). / LAL has lived at the line more often (higher FTA/FGA).
DET @ ORL,05/01/2026,,Orlando Magic,Detroit Pistons,0.4825,2026-05-01T21:45:09,0.5175,low,115.1,100.3,2026-05-01T23:00:00+00:00,DET has been the sharper shooting team recently (rolling eFG%). / ORL has taken better care of the ball lately (lower turnover rate).
TOR @ CLE,05/03/2026,,Cleveland Cavaliers,Toronto Raptors,0.4016,2026-05-01T21:45:09,0.5984,medium,121.7,118.5,2026-05-03T04:00:00+00:00,Strength signal tilts toward CLE (pre-game Elo win proxy). / CLE has generated more second chances on the glass recently. / TOR has lived at the line more often (higher FTA/FGA). / TOR has taken better care of the ball lately (lower turnover rate).
MIN @ SAS,05/04/2026,,San Antonio Spurs,Minnesota Timberwolves,0.8209,2026-05-01T21:45:31,0.8209,high,123.5,108.2,2026-05-04T04:00:00+00:00,MIN's recent games have been played at a faster tempo (possession proxy). / SAS comes in with more rest than MIN (day gap). / Strength signal tilts toward SAS (pre-game Elo win proxy). / SAS has generated more second chances on the glass recently.
ORL @ DET,05/03/2026,,Detroit Pistons,Orlando Magic,0.788,2026-05-01T21:45:31,0.788,high,117.4,104.4,2026-05-03T04:00:00+00:00,Strength signal tilts toward DET (pre-game Elo win proxy). / DET has been the sharper shooting team recently (rolling eFG%). / ORL has taken better care of the ball lately (lower turnover rate).
PHI @ BOS,05/02/2026,,Boston Celtics,Philadelphia 76ers,0.726,2026-05-01T21:45:31,0.726,high,106.7,107.8,2026-05-02T23:30:00+00:00,Strength signal tilts toward BOS (pre-game Elo win proxy). / BOS has generated more second chances on the glass recently. / BOS has been the sharper shooting team recently (rolling eFG%). / PHI has taken better care of the ball lately (lower turnover rate).
HOU @ LAL,05/03/2026,,Los Angeles Lakers,Houston Rockets,0.6381,2026-05-01T21:45:31,0.6381,medium,96.0,98.3,2026-05-03T04:00:00+00:00,Strength signal tilts toward LAL (pre-game Elo win proxy). / HOU has generated more second chances on the glass recently. / LAL has been the sharper shooting team recently (rolling eFG%). / HOU has taken better care of the ball lately (lower turnover rate).
CLE @ TOR,05/01/2026,,Toronto Raptors,Cleveland Cavaliers,0.6335,2026-05-01T21:45:31,0.6335,medium,111.7,110.3,2026-05-01T23:30:00+00:00,CLE has generated more second chances on the glass recently. / TOR has lived at the line more often (higher FTA/FGA). / TOR has taken better care of the ball lately (lower turnover rate).
LAL @ HOU,05/01/2026,,Houston Rockets,Los Angeles Lakers,0.5464,2026-05-01T21:45:31,0.5464,low,109.5,102.5,2026-05-02T01:30:00+00:00,HOU has generated more second chances on the glass recently. / LAL has been the sharper shooting team recently (rolling eFG%). / HOU has taken better care of the ball lately (lower turnover rate). / LAL has lived at the line more often (higher FTA/FGA).
DET @ ORL,05/01/2026,,Orlando Magic,Detroit Pistons,0.4825,2026-05-01T21:45:31,0.5175,low,115.1,100.3,2026-05-01T23:00:00+00:00,DET has been the sharper shooting team recently (rolling eFG%). / ORL has taken better care of the ball lately (lower turnover rate).
TOR @ CLE,05/03/2026,,Cleveland Cavaliers,Toronto Raptors,0.4016,2026-05-01T21:45:31,0.5984,medium,121.7,118.5,2026-05-03T04:00:00+00:00,Strength signal tilts toward CLE (pre-game Elo win proxy). / CLE has generated more second chances on the glass recently. / TOR has lived at the line more often (higher FTA/FGA). / TOR has taken better care of the ball lately (lower turnover rate).
MIN @ SAS,05/04/2026,,San Antonio Spurs,Minnesota Timberwolves,0.8209,2026-05-01T21:45:32,0.8209,high,123.5,108.2,2026-05-04T04:00:00+00:00,MIN's recent games have been played at a faster tempo (possession proxy). / SAS comes in with more rest than MIN (day gap). / Strength signal tilts toward SAS (pre-game Elo win proxy). / SAS has generated more second chances on the glass recently.
ORL @ DET,05/03/2026,,Detroit Pistons,Orlando Magic,0.788,2026-05-01T21:45:32,0.788,high,117.4,104.4,2026-05-03T04:00:00+00:00,Strength signal tilts toward DET (pre-game Elo win proxy). / DET has been the sharper shooting team recently (rolling eFG%). / ORL has taken better care of the ball lately (lower turnover rate).
PHI @ BOS,05/02/2026,,Boston Celtics,Philadelphia 76ers,0.726,2026-05-01T21:45:32,0.726,high,106.7,107.8,2026-05-02T23:30:00+00:00,Strength signal tilts toward BOS (pre-game Elo win proxy). / BOS has generated more second chances on the glass recently. / BOS has been the sharper shooting team recently (rolling eFG%). / PHI has taken better care of the ball lately (lower turnover rate).
HOU @ LAL,05/03/2026,,Los Angeles Lakers,Houston Rockets,0.6381,2026-05-01T21:45:32,0.6381,medium,96.0,98.3,2026-05-03T04:00:00+00:00,Strength signal tilts toward LAL (pre-game Elo win proxy). / HOU has generated more second chances on the glass recently. / LAL has been the sharper shooting team recently (rolling eFG%). / HOU has taken better care of the ball lately (lower turnover rate).
CLE @ TOR,05/01/2026,,Toronto Raptors,Cleveland Cavaliers,0.6335,2026-05-01T21:45:32,0.6335,medium,111.7,110.3,2026-05-01T23:30:00+00:00,CLE has generated more second chances on the glass recently. / TOR has lived at the line more often (higher FTA/FGA). / TOR has taken better care of the ball lately (lower turnover rate).
LAL @ HOU,05/01/2026,,Houston Rockets,Los Angeles Lakers,0.5464,2026-05-01T21:45:32,0.5464,low,109.5,102.5,2026-05-02T01:30:00+00:00,HOU has generated more second chances on the glass recently. / LAL has been the sharper shooting team recently (rolling eFG%). / HOU has taken better care of the ball lately (lower turnover rate). / LAL has lived at the line more often (higher FTA/FGA).
DET @ ORL,05/01/2026,,Orlando Magic,Detroit Pistons,0.4825,2026-05-01T21:45:32,0.5175,low,115.1,100.3,2026-05-01T23:00:00+00:00,DET has been the sharper shooting team recently (rolling eFG%). / ORL has taken better care of the ball lately (lower turnover rate).
TOR @ CLE,05/03/2026,,Cleveland Cavaliers,Toronto Raptors,0.4016,2026-05-01T21:45:32,0.5984,medium,121.7,118.5,2026-05-03T04:00:00+00:00,Strength signal tilts toward CLE (pre-game Elo win proxy). / CLE has generated more second chances on the glass recently. / TOR has lived at the line more often (higher FTA/FGA). / TOR has taken better care of the ball lately (lower turnover rate).
MIN @ SAS,05/04/2026,,San Antonio Spurs,Minnesota Timberwolves,0.8209,2026-05-01T21:45:41,0.8209,high,123.5,108.2,2026-05-04T04:00:00+00:00,MIN's recent games have been played at a faster tempo (possession proxy). / SAS comes in with more rest than MIN (day gap). / Strength signal tilts toward SAS (pre-game Elo win proxy). / SAS has generated more second chances on the glass recently.
ORL @ DET,05/03/2026,,Detroit Pistons,Orlando Magic,0.788,2026-05-01T21:45:41,0.788,high,117.4,104.4,2026-05-03T04:00:00+00:00,Strength signal tilts toward DET (pre-game Elo win proxy). / DET has been the sharper shooting team recently (rolling eFG%). / ORL has taken better care of the ball lately (lower turnover rate).
PHI @ BOS,05/02/2026,,Boston Celtics,Philadelphia 76ers,0.726,2026-05-01T21:45:41,0.726,high,106.7,107.8,2026-05-02T23:30:00+00:00,Strength signal tilts toward BOS (pre-game Elo win proxy). / BOS has generated more second chances on the glass recently. / BOS has been the sharper shooting team recently (rolling eFG%). / PHI has taken better care of the ball lately (lower turnover rate).
HOU @ LAL,05/03/2026,,Los Angeles Lakers,Houston Rockets,0.6381,2026-05-01T21:45:41,0.6381,medium,96.0,98.3,2026-05-03T04:00:00+00:00,Strength signal tilts toward LAL (pre-game Elo win proxy). / HOU has generated more second chances on the glass recently. / LAL has been the sharper shooting team recently (rolling eFG%). / HOU has taken better care of the ball lately (lower turnover rate).
CLE @ TOR,05/01/2026,,Toronto Raptors,Cleveland Cavaliers,0.6335,2026-05-01T21:45:41,0.6335,medium,111.7,110.3,2026-05-01T23:30:00+00:00,CLE has generated more second chances on the glass recently. / TOR has lived at the line more often (higher FTA/FGA). / TOR has taken better care of the ball lately (lower turnover rate).
LAL @ HOU,05/01/2026,,Houston Rockets,Los Angeles Lakers,0.5464,2026-05-01T21:45:41,0.5464,low,109.5,102.5,2026-05-02T01:30:00+00:00,HOU has generated more second chances on the glass recently. / LAL has been the sharper shooting team recently (rolling eFG%). / HOU has taken better care of the ball lately (lower turnover rate). / LAL has lived at the line more often (higher FTA/FGA).
DET @ ORL,05/01/2026,,Orlando Magic,Detroit Pistons,0.4825,2026-05-01T21:45:41,0.5175,low,115.1,100.3,2026-05-01T23:00:00+00:00,DET has been the sharper shooting team recently (rolling eFG%). / ORL has taken better care of the ball lately (lower turnover rate).
TOR @ CLE,05/03/2026,,Cleveland Cavaliers,Toronto Raptors,0.4016,2026-05-01T21:45:41,0.5984,medium,121.7,118.5,2026-05-03T04:00:00+00:00,Strength signal tilts toward CLE (pre-game Elo win proxy). / CLE has generated more second chances on the glass recently. / TOR has lived at the line more often (higher FTA/FGA). / TOR has taken better care of the ball lately (lower turnover rate).
CLE @ TOR,05/01/2026,,Toronto Raptors,Cleveland Cavaliers,0.6335,2026-05-01T21:47:34,0.6335,medium,111.7,110.3,2026-05-01T23:30:00+00:00,CLE has generated more second chances on the glass recently. / TOR has lived at the line more often (higher FTA/FGA). / TOR has taken better care of the ball lately (lower turnover rate).
LAL @ HOU,05/01/2026,,Houston Rockets,Los Angeles Lakers,0.5464,2026-05-01T21:47:34,0.5464,low,109.5,102.5,2026-05-02T01:30:00+00:00,HOU has generated more second chances on the glass recently. / LAL has been the sharper shooting team recently (rolling eFG%). / HOU has taken better care of the ball lately (lower turnover rate). / LAL has lived at the line more often (higher FTA/FGA).
DET @ ORL,05/01/2026,,Orlando Magic,Detroit Pistons,0.4825,2026-05-01T21:47:34,0.5175,low,115.1,100.3,2026-05-01T23:00:00+00:00,DET has been the sharper shooting team recently (rolling eFG%). / ORL has taken better care of the ball lately (lower turnover rate).
SAS @ MIN,05/10/2026,,Minnesota Timberwolves,San Antonio Spurs,0.4227,2026-05-01T21:49:31,0.5773,medium,110.8,119.7,2026-05-10T04:00:00+00:00,MIN's recent games have been played at a faster tempo (possession proxy). / Strength signal tilts toward SAS (pre-game Elo win proxy). / SAS has generated more second chances on the glass recently. / SAS has been the sharper shooting team recently (rolling eFG%).
SAS @ MIN,05/08/2026,,Minnesota Timberwolves,San Antonio Spurs,0.4109,2026-05-01T21:49:31,0.5891,medium,110.8,119.5,2026-05-08T04:00:00+00:00,MIN's recent games have been played at a faster tempo (possession proxy). / SAS comes in with more rest than MIN (day gap). / Strength signal tilts toward SAS (pre-game Elo win proxy). / SAS has generated more second chances on the glass recently.
MIN @ SAS,05/04/2026,,San Antonio Spurs,Minnesota Timberwolves,0.8209,2026-05-02T01:26:19,0.8209,high,123.5,108.2,2026-05-04T04:00:00+00:00,MIN's recent games have been played at a faster tempo (possession proxy). / SAS comes in with more rest than MIN (day gap). / Strength signal tilts toward SAS (pre-game Elo win proxy). / SAS has generated more second chances on the glass recently.
MIN @ SAS,05/06/2026,,San Antonio Spurs,Minnesota Timberwolves,0.8165,2026-05-02T01:26:19,0.8165,high,123.5,108.2,2026-05-06T04:00:00+00:00,MIN's recent games have been played at a faster tempo (possession proxy). / SAS comes in with more rest than MIN (day gap). / Strength signal tilts toward SAS (pre-game Elo win proxy). / SAS has generated more second chances on the glass recently.
MIN @ SAS,05/12/2026,,San Antonio Spurs,Minnesota Timberwolves,0.7998,2026-05-02T01:26:19,0.7998,high,119.2,108.0,2026-05-12T04:00:00+00:00,MIN's recent games have been played at a faster tempo (possession proxy). / Strength signal tilts toward SAS (pre-game Elo win proxy). / SAS has generated more second chances on the glass recently. / SAS has been the sharper shooting team recently (rolling eFG%).
ORL @ DET,05/03/2026,,Detroit Pistons,Orlando Magic,0.788,2026-05-02T01:26:19,0.788,high,117.4,104.4,2026-05-03T04:00:00+00:00,Strength signal tilts toward DET (pre-game Elo win proxy). / DET has been the sharper shooting team recently (rolling eFG%). / ORL has taken better care of the ball lately (lower turnover rate).
PHI @ BOS,05/02/2026,,Boston Celtics,Philadelphia 76ers,0.726,2026-05-02T01:26:19,0.726,high,106.7,107.8,2026-05-02T23:30:00+00:00,Strength signal tilts toward BOS (pre-game Elo win proxy). / BOS has generated more second chances on the glass recently. / BOS has been the sharper shooting team recently (rolling eFG%). / PHI has taken better care of the ball lately (lower turnover rate).
HOU @ LAL,05/03/2026,,Los Angeles Lakers,Houston Rockets,0.6381,2026-05-02T01:26:19,0.6381,medium,96.0,98.3,2026-05-03T04:00:00+00:00,Strength signal tilts toward LAL (pre-game Elo win proxy). / HOU has generated more second chances on the glass recently. / LAL has been the sharper shooting team recently (rolling eFG%). / HOU has taken better care of the ball lately (lower turnover rate).
SAS @ MIN,05/10/2026,,Minnesota Timberwolves,San Antonio Spurs,0.4227,2026-05-02T01:26:19,0.5773,medium,110.8,119.7,2026-05-10T04:00:00+00:00,MIN's recent games have been played at a faster tempo (possession proxy). / Strength signal tilts toward SAS (pre-game Elo win proxy). / SAS has generated more second chances on the glass recently. / SAS has been the sharper shooting team recently (rolling eFG%).
SAS @ MIN,05/08/2026,,Minnesota Timberwolves,San Antonio Spurs,0.4109,2026-05-02T01:26:19,0.5891,medium,110.8,119.5,2026-05-08T04:00:00+00:00,MIN's recent games have been played at a faster tempo (possession proxy). / SAS comes in with more rest than MIN (day gap). / Strength signal tilts toward SAS (pre-game Elo win proxy). / SAS has generated more second chances on the glass recently.
TOR @ CLE,05/03/2026,,Cleveland Cavaliers,Toronto Raptors,0.4016,2026-05-02T01:26:19,0.5984,medium,121.7,118.5,2026-05-03T04:00:00+00:00,Strength signal tilts toward CLE (pre-game Elo win proxy). / CLE has generated more second chances on the glass recently. / TOR has lived at the line more often (higher FTA/FGA). / TOR has taken better care of the ball lately (lower turnover rate).
POR @ SAS,05/02/2026,,San Antonio Spurs,Portland Trail Blazers,0.9061,2026-05-02T13:33:21,0.9061,high,114.5,99.6,,Strength signal tilts toward SAS (pre-game Elo win proxy). / SAS has been the sharper shooting team recently (rolling eFG%).
MIN @ SAS,05/04/2026,,San Antonio Spurs,Minnesota Timberwolves,0.8209,2026-05-02T13:33:21,0.8209,high,124.0,105.0,2026-05-04T04:00:00+00:00,MIN's recent games have been played at a faster tempo (possession proxy). / SAS comes in with more rest than MIN (day gap). / Strength signal tilts toward SAS (pre-game Elo win proxy). / SAS has generated more second chances on the glass recently.
MIN @ SAS,05/06/2026,,San Antonio Spurs,Minnesota Timberwolves,0.8165,2026-05-02T13:33:21,0.8165,high,123.6,104.6,2026-05-06T04:00:00+00:00,MIN's recent games have been played at a faster tempo (possession proxy). / SAS comes in with more rest than MIN (day gap). / Strength signal tilts toward SAS (pre-game Elo win proxy). / SAS has generated more second chances on the glass recently.
ORL @ DET,05/03/2026,,Detroit Pistons,Orlando Magic,0.8126,2026-05-02T13:33:21,0.8126,high,113.9,110.3,2026-05-03T19:30:00+00:00,Strength signal tilts toward DET (pre-game Elo win proxy). / ORL has taken better care of the ball lately (lower turnover rate). / DET has been the sharper shooting team recently (rolling eFG%).
ATL @ NYK,05/02/2026,,New York Knicks,Atlanta Hawks,0.7642,2026-05-02T13:33:21,0.7642,high,117.8,107.7,,Strength signal tilts toward NYK (pre-game Elo win proxy). / NYK has generated more second chances on the glass recently. / NYK has lived at the line more often (higher FTA/FGA). / NYK has been the sharper shooting team recently (rolling eFG%).
LAL @ OKC,05/05/2026,,Oklahoma City Thunder,Los Angeles Lakers,0.7313,2026-05-02T13:33:21,0.7313,high,111.7,113.8,2026-05-05T04:00:00+00:00,OKC comes in with more rest than LAL (day gap). / OKC's recent games have been played at a faster tempo (possession proxy). / Strength signal tilts toward OKC (pre-game Elo win proxy). / LAL has lived at the line more often (higher FTA/FGA).
PHI @ BOS,05/02/2026,,Boston Celtics,Philadelphia 76ers,0.726,2026-05-02T13:33:21,0.726,high,104.6,105.8,,Strength signal tilts toward BOS (pre-game Elo win proxy). / BOS has generated more second chances on the glass recently. / BOS has been the sharper shooting team recently (rolling eFG%). / PHI has taken better care of the ball lately (lower turnover rate).
LAL @ OKC,05/07/2026,,Oklahoma City Thunder,Los Angeles Lakers,0.7254,2026-05-02T13:33:21,0.7254,high,111.0,113.0,2026-05-07T04:00:00+00:00,OKC comes in with more rest than LAL (day gap). / OKC's recent games have been played at a faster tempo (possession proxy). / Strength signal tilts toward OKC (pre-game Elo win proxy). / LAL has lived at the line more often (higher FTA/FGA).
MIN @ DEN,05/02/2026,,Denver Nuggets,Minnesota Timberwolves,0.675,2026-05-02T13:33:21,0.675,high,123.7,116.9,,Strength signal tilts toward DEN (pre-game Elo win proxy). / DEN has lived at the line more often (higher FTA/FGA). / MIN has generated more second chances on the glass recently. / MIN has been the sharper shooting team recently (rolling eFG%).
TOR @ CLE,05/03/2026,,Cleveland Cavaliers,Toronto Raptors,0.4437,2026-05-02T13:33:21,0.5563,medium,114.6,120.3,2026-05-03T23:30:00+00:00,Strength signal tilts toward CLE (pre-game Elo win proxy). / TOR has generated more second chances on the glass recently. / CLE has been the sharper shooting team recently (rolling eFG%). / TOR has taken better care of the ball lately (lower turnover rate).
SAS @ MIN,05/08/2026,,Minnesota Timberwolves,San Antonio Spurs,0.4109,2026-05-02T13:33:21,0.5891,medium,112.1,120.4,2026-05-08T04:00:00+00:00,MIN's recent games have been played at a faster tempo (possession proxy). / SAS comes in with more rest than MIN (day gap). / Strength signal tilts toward SAS (pre-game Elo win proxy). / SAS has generated more second chances on the glass recently.
OKC @ LAL,05/09/2026,,Los Angeles Lakers,Oklahoma City Thunder,0.3027,2026-05-02T13:33:21,0.6973,high,108.5,116.9,2026-05-09T04:00:00+00:00,OKC's recent games have been played at a faster tempo (possession proxy). / OKC comes in with more rest than LAL (day gap). / LAL has lived at the line more often (higher FTA/FGA). / Strength signal tilts toward OKC (pre-game Elo win proxy).
MIN @ SAS,05/04/2026,,San Antonio Spurs,Minnesota Timberwolves,0.8209,2026-05-02T13:41:20,0.8209,high,124.0,105.0,2026-05-04T04:00:00+00:00,MIN's recent games have been played at a faster tempo (possession proxy). / SAS comes in with more rest than MIN (day gap). / Strength signal tilts toward SAS (pre-game Elo win proxy). / SAS has generated more second chances on the glass recently.
MIN @ SAS,05/06/2026,,San Antonio Spurs,Minnesota Timberwolves,0.8165,2026-05-02T13:41:20,0.8165,high,123.6,104.6,2026-05-06T04:00:00+00:00,MIN's recent games have been played at a faster tempo (possession proxy). / SAS comes in with more rest than MIN (day gap). / Strength signal tilts toward SAS (pre-game Elo win proxy). / SAS has generated more second chances on the glass recently.
ORL @ DET,05/03/2026,,Detroit Pistons,Orlando Magic,0.8126,2026-05-02T13:41:20,0.8126,high,113.9,110.3,2026-05-03T19:30:00+00:00,Strength signal tilts toward DET (pre-game Elo win proxy). / ORL has taken better care of the ball lately (lower turnover rate). / DET has been the sharper shooting team recently (rolling eFG%).
MIN @ SAS,05/12/2026,,San Antonio Spurs,Minnesota Timberwolves,0.7998,2026-05-02T13:41:20,0.7998,high,120.2,104.1,2026-05-12T04:00:00+00:00,MIN's recent games have been played at a faster tempo (possession proxy). / Strength signal tilts toward SAS (pre-game Elo win proxy). / SAS has generated more second chances on the glass recently. / SAS has been the sharper shooting team recently (rolling eFG%).
LAL @ OKC,05/05/2026,,Oklahoma City Thunder,Los Angeles Lakers,0.7313,2026-05-02T13:41:20,0.7313,high,111.7,113.8,2026-05-05T04:00:00+00:00,OKC comes in with more rest than LAL (day gap). / OKC's recent games have been played at a faster tempo (possession proxy). / Strength signal tilts toward OKC (pre-game Elo win proxy). / LAL has lived at the line more often (higher FTA/FGA).
PHI @ BOS,05/02/2026,,Boston Celtics,Philadelphia 76ers,0.726,2026-05-02T13:41:20,0.726,high,104.6,105.8,2026-05-02T23:30:00+00:00,Strength signal tilts toward BOS (pre-game Elo win proxy). / BOS has generated more second chances on the glass recently. / BOS has been the sharper shooting team recently (rolling eFG%). / PHI has taken better care of the ball lately (lower turnover rate).
LAL @ OKC,05/07/2026,,Oklahoma City Thunder,Los Angeles Lakers,0.7254,2026-05-02T13:41:20,0.7254,high,111.0,113.0,2026-05-07T04:00:00+00:00,OKC comes in with more rest than LAL (day gap). / OKC's recent games have been played at a faster tempo (possession proxy). / Strength signal tilts toward OKC (pre-game Elo win proxy). / LAL has lived at the line more often (higher FTA/FGA).
TOR @ CLE,05/03/2026,,Cleveland Cavaliers,Toronto Raptors,0.4437,2026-05-02T13:41:20,0.5563,medium,114.6,120.3,2026-05-03T23:30:00+00:00,Strength signal tilts toward CLE (pre-game Elo win proxy). / TOR has generated more second chances on the glass recently. / CLE has been the sharper shooting team recently (rolling eFG%). / TOR has taken better care of the ball lately (lower turnover rate).
SAS @ MIN,05/10/2026,,Minnesota Timberwolves,San Antonio Spurs,0.4227,2026-05-02T13:41:20,0.5773,medium,112.0,119.6,2026-05-10T04:00:00+00:00,MIN's recent games have been played at a faster tempo (possession proxy). / Strength signal tilts toward SAS (pre-game Elo win proxy). / SAS has generated more second chances on the glass recently. / SAS has been the sharper shooting team recently (rolling eFG%).
SAS @ MIN,05/08/2026,,Minnesota Timberwolves,San Antonio Spurs,0.4109,2026-05-02T13:41:20,0.5891,medium,112.1,120.4,2026-05-08T04:00:00+00:00,MIN's recent games have been played at a faster tempo (possession proxy). / SAS comes in with more rest than MIN (day gap). / Strength signal tilts toward SAS (pre-game Elo win proxy). / SAS has generated more second chances on the glass recently.
OKC @ LAL,05/11/2026,,Los Angeles Lakers,Oklahoma City Thunder,0.313,2026-05-02T13:41:20,0.687,high,108.0,115.9,2026-05-11T04:00:00+00:00,OKC's recent games have been played at a faster tempo (possession proxy). / LAL has lived at the line more often (higher FTA/FGA). / Strength signal tilts toward OKC (pre-game Elo win proxy). / OKC has taken better care of the ball lately (lower turnover rate).
OKC @ LAL,05/09/2026,,Los Angeles Lakers,Oklahoma City Thunder,0.3027,2026-05-02T13:41:20,0.6973,high,108.5,116.9,2026-05-09T04:00:00+00:00,OKC's recent games have been played at a faster tempo (possession proxy). / OKC comes in with more rest than LAL (day gap). / LAL has lived at the line more often (higher FTA/FGA). / Strength signal tilts toward OKC (pre-game Elo win proxy).
MIN @ SAS,05/04/2026,,San Antonio Spurs,Minnesota Timberwolves,0.8209,2026-05-02T13:41:20,0.8209,high,124.0,105.0,2026-05-04T04:00:00+00:00,MIN's recent games have been played at a faster tempo (possession proxy). / SAS comes in with more rest than MIN (day gap). / Strength signal tilts toward SAS (pre-game Elo win proxy). / SAS has generated more second chances on the glass recently.
MIN @ SAS,05/06/2026,,San Antonio Spurs,Minnesota Timberwolves,0.8165,2026-05-02T13:41:20,0.8165,high,123.6,104.6,2026-05-06T04:00:00+00:00,MIN's recent games have been played at a faster tempo (possession proxy). / SAS comes in with more rest than MIN (day gap). / Strength signal tilts toward SAS (pre-game Elo win proxy). / SAS has generated more second chances on the glass recently.
ORL @ DET,05/03/2026,,Detroit Pistons,Orlando Magic,0.8126,2026-05-02T13:41:20,0.8126,high,113.9,110.3,2026-05-03T19:30:00+00:00,Strength signal tilts toward DET (pre-game Elo win proxy). / ORL has taken better care of the ball lately (lower turnover rate). / DET has been the sharper shooting team recently (rolling eFG%).
MIN @ SAS,05/12/2026,,San Antonio Spurs,Minnesota Timberwolves,0.7998,2026-05-02T13:41:20,0.7998,high,120.2,104.1,2026-05-12T04:00:00+00:00,MIN's recent games have been played at a faster tempo (possession proxy). / Strength signal tilts toward SAS (pre-game Elo win proxy). / SAS has generated more second chances on the glass recently. / SAS has been the sharper shooting team recently (rolling eFG%).
LAL @ OKC,05/05/2026,,Oklahoma City Thunder,Los Angeles Lakers,0.7313,2026-05-02T13:41:20,0.7313,high,111.7,113.8,2026-05-05T04:00:00+00:00,OKC comes in with more rest than LAL (day gap). / OKC's recent games have been played at a faster tempo (possession proxy). / Strength signal tilts toward OKC (pre-game Elo win proxy). / LAL has lived at the line more often (higher FTA/FGA).
PHI @ BOS,05/02/2026,,Boston Celtics,Philadelphia 76ers,0.726,2026-05-02T13:41:20,0.726,high,104.6,105.8,2026-05-02T23:30:00+00:00,Strength signal tilts toward BOS (pre-game Elo win proxy). / BOS has generated more second chances on the glass recently. / BOS has been the sharper shooting team recently (rolling eFG%). / PHI has taken better care of the ball lately (lower turnover rate).
LAL @ OKC,05/07/2026,,Oklahoma City Thunder,Los Angeles Lakers,0.7254,2026-05-02T13:41:20,0.7254,high,111.0,113.0,2026-05-07T04:00:00+00:00,OKC comes in with more rest than LAL (day gap). / OKC's recent games have been played at a faster tempo (possession proxy). / Strength signal tilts toward OKC (pre-game Elo win proxy). / LAL has lived at the line more often (higher FTA/FGA).
TOR @ CLE,05/03/2026,,Cleveland Cavaliers,Toronto Raptors,0.4437,2026-05-02T13:41:20,0.5563,medium,114.6,120.3,2026-05-03T23:30:00+00:00,Strength signal tilts toward CLE (pre-game Elo win proxy). / TOR has generated more second chances on the glass recently. / CLE has been the sharper shooting team recently (rolling eFG%). / TOR has taken better care of the ball lately (lower turnover rate).
SAS @ MIN,05/10/2026,,Minnesota Timberwolves,San Antonio Spurs,0.4227,2026-05-02T13:41:20,0.5773,medium,112.0,119.6,2026-05-10T04:00:00+00:00,MIN's recent games have been played at a faster tempo (possession proxy). / Strength signal tilts toward SAS (pre-game Elo win proxy). / SAS has generated more second chances on the glass recently. / SAS has been the sharper shooting team recently (rolling eFG%).
SAS @ MIN,05/08/2026,,Minnesota Timberwolves,San Antonio Spurs,0.4109,2026-05-02T13:41:20,0.5891,medium,112.1,120.4,2026-05-08T04:00:00+00:00,MIN's recent games have been played at a faster tempo (possession proxy). / SAS comes in with more rest than MIN (day gap). / Strength signal tilts toward SAS (pre-game Elo win proxy). / SAS has generated more second chances on the glass recently.
OKC @ LAL,05/11/2026,,Los Angeles Lakers,Oklahoma City Thunder,0.313,2026-05-02T13:41:20,0.687,high,108.0,115.9,2026-05-11T04:00:00+00:00,OKC's recent games have been played at a faster tempo (possession proxy). / LAL has lived at the line more often (higher FTA/FGA). / Strength signal tilts toward OKC (pre-game Elo win proxy). / OKC has taken better care of the ball lately (lower turnover rate).
OKC @ LAL,05/09/2026,,Los Angeles Lakers,Oklahoma City Thunder,0.3027,2026-05-02T13:41:20,0.6973,high,108.5,116.9,2026-05-09T04:00:00+00:00,OKC's recent games have been played at a faster tempo (possession proxy). / OKC comes in with more rest than LAL (day gap). / LAL has lived at the line more often (higher FTA/FGA). / Strength signal tilts toward OKC (pre-game Elo win proxy).
MIN @ SAS,05/04/2026,,San Antonio Spurs,Minnesota Timberwolves,0.8209,2026-05-02T13:42:53,0.8209,high,124.0,105.0,2026-05-04T04:00:00+00:00,MIN's recent games have been played at a faster tempo (possession proxy). / SAS comes in with more rest than MIN (day gap). / Strength signal tilts toward SAS (pre-game Elo win proxy). / SAS has generated more second chances on the glass recently.
MIN @ SAS,05/06/2026,,San Antonio Spurs,Minnesota Timberwolves,0.8165,2026-05-02T13:42:53,0.8165,high,123.6,104.6,2026-05-06T04:00:00+00:00,MIN's recent games have been played at a faster tempo (possession proxy). / SAS comes in with more rest than MIN (day gap). / Strength signal tilts toward SAS (pre-game Elo win proxy). / SAS has generated more second chances on the glass recently.
ORL @ DET,05/03/2026,,Detroit Pistons,Orlando Magic,0.8126,2026-05-02T13:42:53,0.8126,high,113.9,110.3,2026-05-03T19:30:00+00:00,Strength signal tilts toward DET (pre-game Elo win proxy). / ORL has taken better care of the ball lately (lower turnover rate). / DET has been the sharper shooting team recently (rolling eFG%).
LAL @ OKC,05/05/2026,,Oklahoma City Thunder,Los Angeles Lakers,0.7313,2026-05-02T13:42:53,0.7313,high,111.7,113.8,2026-05-05T04:00:00+00:00,OKC comes in with more rest than LAL (day gap). / OKC's recent games have been played at a faster tempo (possession proxy). / Strength signal tilts toward OKC (pre-game Elo win proxy). / LAL has lived at the line more often (higher FTA/FGA).
PHI @ BOS,05/02/2026,,Boston Celtics,Philadelphia 76ers,0.726,2026-05-02T13:42:53,0.726,high,104.6,105.8,2026-05-02T23:30:00+00:00,Strength signal tilts toward BOS (pre-game Elo win proxy). / BOS has generated more second chances on the glass recently. / BOS has been the sharper shooting team recently (rolling eFG%). / PHI has taken better care of the ball lately (lower turnover rate).
TOR @ CLE,05/03/2026,,Cleveland Cavaliers,Toronto Raptors,0.4437,2026-05-02T13:42:53,0.5563,medium,114.6,120.3,2026-05-03T23:30:00+00:00,Strength signal tilts toward CLE (pre-game Elo win proxy). / TOR has generated more second chances on the glass recently. / CLE has been the sharper shooting team recently (rolling eFG%). / TOR has taken better care of the ball lately (lower turnover rate).
MIN @ SAS,05/04/2026,,San Antonio Spurs,Minnesota Timberwolves,0.8209,2026-05-02T13:42:53,0.8209,high,124.0,105.0,2026-05-04T04:00:00+00:00,MIN's recent games have been played at a faster tempo (possession proxy). / SAS comes in with more rest than MIN (day gap). / Strength signal tilts toward SAS (pre-game Elo win proxy). / SAS has generated more second chances on the glass recently.
MIN @ SAS,05/06/2026,,San Antonio Spurs,Minnesota Timberwolves,0.8165,2026-05-02T13:42:53,0.8165,high,123.6,104.6,2026-05-06T04:00:00+00:00,MIN's recent games have been played at a faster tempo (possession proxy). / SAS comes in with more rest than MIN (day gap). / Strength signal tilts toward SAS (pre-game Elo win proxy). / SAS has generated more second chances on the glass recently.
ORL @ DET,05/03/2026,,Detroit Pistons,Orlando Magic,0.8126,2026-05-02T13:42:53,0.8126,high,113.9,110.3,2026-05-03T19:30:00+00:00,Strength signal tilts toward DET (pre-game Elo win proxy). / ORL has taken better care of the ball lately (lower turnover rate). / DET has been the sharper shooting team recently (rolling eFG%).
LAL @ OKC,05/05/2026,,Oklahoma City Thunder,Los Angeles Lakers,0.7313,2026-05-02T13:42:53,0.7313,high,111.7,113.8,2026-05-05T04:00:00+00:00,OKC comes in with more rest than LAL (day gap). / OKC's recent games have been played at a faster tempo (possession proxy). / Strength signal tilts toward OKC (pre-game Elo win proxy). / LAL has lived at the line more often (higher FTA/FGA).
PHI @ BOS,05/02/2026,,Boston Celtics,Philadelphia 76ers,0.726,2026-05-02T13:42:53,0.726,high,104.6,105.8,2026-05-02T23:30:00+00:00,Strength signal tilts toward BOS (pre-game Elo win proxy). / BOS has generated more second chances on the glass recently. / BOS has been the sharper shooting team recently (rolling eFG%). / PHI has taken better care of the ball lately (lower turnover rate).
TOR @ CLE,05/03/2026,,Cleveland Cavaliers,Toronto Raptors,0.4437,2026-05-02T13:42:53,0.5563,medium,114.6,120.3,2026-05-03T23:30:00+00:00,Strength signal tilts toward CLE (pre-game Elo win proxy). / TOR has generated more second chances on the glass recently. / CLE has been the sharper shooting team recently (rolling eFG%). / TOR has taken better care of the ball lately (lower turnover rate).
ORL @ DET,05/03/2026,,Detroit Pistons,Orlando Magic,0.8126,2026-05-02T13:43:40,0.8126,high,113.9,110.3,2026-05-03T19:30:00+00:00,Strength signal tilts toward DET (pre-game Elo win proxy). / ORL has taken better care of the ball lately (lower turnover rate). / DET has been the sharper shooting team recently (rolling eFG%).
PHI @ BOS,05/02/2026,,Boston Celtics,Philadelphia 76ers,0.726,2026-05-02T13:43:40,0.726,high,104.6,105.8,2026-05-02T23:30:00+00:00,Strength signal tilts toward BOS (pre-game Elo win proxy). / BOS has generated more second chances on the glass recently. / BOS has been the sharper shooting team recently (rolling eFG%). / PHI has taken better care of the ball lately (lower turnover rate).
TOR @ CLE,05/03/2026,,Cleveland Cavaliers,Toronto Raptors,0.4437,2026-05-02T13:43:40,0.5563,medium,114.6,120.3,2026-05-03T23:30:00+00:00,Strength signal tilts toward CLE (pre-game Elo win proxy). / TOR has generated more second chances on the glass recently. / CLE has been the sharper shooting team recently (rolling eFG%). / TOR has taken better care of the ball lately (lower turnover rate).
ORL @ DET,05/03/2026,,Detroit Pistons,Orlando Magic,0.8126,2026-05-02T13:43:59,0.8126,high,113.9,110.3,2026-05-03T19:30:00+00:00,Strength signal tilts toward DET (pre-game Elo win proxy). / ORL has taken better care of the ball lately (lower turnover rate). / DET has been the sharper shooting team recently (rolling eFG%).
PHI @ BOS,05/02/2026,,Boston Celtics,Philadelphia 76ers,0.726,2026-05-02T13:43:59,0.726,high,104.6,105.8,2026-05-02T23:30:00+00:00,Strength signal tilts toward BOS (pre-game Elo win proxy). / BOS has generated more second chances on the glass recently. / BOS has been the sharper shooting team recently (rolling eFG%). / PHI has taken better care of the ball lately (lower turnover rate).
TOR @ CLE,05/03/2026,,Cleveland Cavaliers,Toronto Raptors,0.4437,2026-05-02T13:43:59,0.5563,medium,114.6,120.3,2026-05-03T23:30:00+00:00,Strength signal tilts toward CLE (pre-game Elo win proxy). / TOR has generated more second chances on the glass recently. / CLE has been the sharper shooting team recently (rolling eFG%). / TOR has taken better care of the ball lately (lower turnover rate).
MIN @ SAS,05/04/2026,,San Antonio Spurs,Minnesota Timberwolves,0.8209,2026-05-02T13:44:00,0.8209,high,124.0,105.0,2026-05-04T04:00:00+00:00,MIN's recent games have been played at a faster tempo (possession proxy). / SAS comes in with more rest than MIN (day gap). / Strength signal tilts toward SAS (pre-game Elo win proxy). / SAS has generated more second chances on the glass recently.
ORL @ DET,05/03/2026,,Detroit Pistons,Orlando Magic,0.8126,2026-05-02T13:44:00,0.8126,high,113.9,110.3,2026-05-03T19:30:00+00:00,Strength signal tilts toward DET (pre-game Elo win proxy). / ORL has taken better care of the ball lately (lower turnover rate). / DET has been the sharper shooting team recently (rolling eFG%).
PHI @ BOS,05/02/2026,,Boston Celtics,Philadelphia 76ers,0.726,2026-05-02T13:44:00,0.726,high,104.6,105.8,2026-05-02T23:30:00+00:00,Strength signal tilts toward BOS (pre-game Elo win proxy). / BOS has generated more second chances on the glass recently. / BOS has been the sharper shooting team recently (rolling eFG%). / PHI has taken better care of the ball lately (lower turnover rate).
TOR @ CLE,05/03/2026,,Cleveland Cavaliers,Toronto Raptors,0.4437,2026-05-02T13:44:00,0.5563,medium,114.6,120.3,2026-05-03T23:30:00+00:00,Strength signal tilts toward CLE (pre-game Elo win proxy). / TOR has generated more second chances on the glass recently. / CLE has been the sharper shooting team recently (rolling eFG%). / TOR has taken better care of the ball lately (lower turnover rate).
PHI @ BOS,05/02/2026,,Boston Celtics,Philadelphia 76ers,0.726,2026-05-02T13:44:48,0.726,high,104.6,105.8,2026-05-02T23:30:00+00:00,Strength signal tilts toward BOS (pre-game Elo win proxy). / BOS has generated more second chances on the glass recently. / BOS has been the sharper shooting team recently (rolling eFG%). / PHI has taken better care of the ball lately (lower turnover rate).
PHI @ BOS,05/02/2026,,Boston Celtics,Philadelphia 76ers,0.726,2026-05-02T13:45:04,0.726,high,104.6,105.8,2026-05-02T23:30:00+00:00,Strength signal tilts toward BOS (pre-game Elo win proxy). / BOS has generated more second chances on the glass recently. / BOS has been the sharper shooting team recently (rolling eFG%). / PHI has taken better care of the ball lately (lower turnover rate).
PHI @ BOS,05/02/2026,,Boston Celtics,Philadelphia 76ers,0.726,2026-05-02T13:45:20,0.726,high,104.6,105.8,2026-05-02T23:30:00+00:00,Strength signal tilts toward BOS (pre-game Elo win proxy). / BOS has generated more second chances on the glass recently. / BOS has been the sharper shooting team recently (rolling eFG%). / PHI has taken better care of the ball lately (lower turnover rate).
MIN @ SAS,05/04/2026,,San Antonio Spurs,Minnesota Timberwolves,0.7128,2026-05-02T16:10:18,0.7128,high,121.7,109.9,2026-05-04T04:00:00+00:00,MIN's recent games have been played at a faster tempo (possession proxy). / SAS comes in with more rest than MIN (day gap). / Strength signal tilts toward SAS (pre-game Elo win proxy). / SAS has generated more second chances on the glass recently.
MIN @ SAS,05/06/2026,,San Antonio Spurs,Minnesota Timberwolves,0.7128,2026-05-02T16:10:18,0.7128,high,121.7,110.9,2026-05-06T04:00:00+00:00,MIN's recent games have been played at a faster tempo (possession proxy). / SAS comes in with more rest than MIN (day gap). / Strength signal tilts toward SAS (pre-game Elo win proxy). / SAS has generated more second chances on the glass recently.
MIN @ SAS,05/12/2026,,San Antonio Spurs,Minnesota Timberwolves,0.7128,2026-05-02T16:10:18,0.7128,high,118.9,111.7,2026-05-12T04:00:00+00:00,MIN's recent games have been played at a faster tempo (possession proxy). / Strength signal tilts toward SAS (pre-game Elo win proxy). / SAS has generated more second chances on the glass recently. / SAS has been the sharper shooting team recently (rolling eFG%).
LAL @ OKC,05/05/2026,,Oklahoma City Thunder,Los Angeles Lakers,0.671,2026-05-02T16:10:18,0.671,high,111.0,114.6,2026-05-05T04:00:00+00:00,OKC comes in with more rest than LAL (day gap). / OKC's recent games have been played at a faster tempo (possession proxy). / Strength signal tilts toward OKC (pre-game Elo win proxy). / LAL has lived at the line more often (higher FTA/FGA).
LAL @ OKC,05/07/2026,,Oklahoma City Thunder,Los Angeles Lakers,0.671,2026-05-02T16:10:18,0.671,high,111.0,117.0,2026-05-07T04:00:00+00:00,OKC comes in with more rest than LAL (day gap). / OKC's recent games have been played at a faster tempo (possession proxy). / Strength signal tilts toward OKC (pre-game Elo win proxy). / LAL has lived at the line more often (higher FTA/FGA).
LAL @ OKC,05/13/2026,,Oklahoma City Thunder,Los Angeles Lakers,0.671,2026-05-02T16:10:18,0.671,high,109.5,115.8,2026-05-13T04:00:00+00:00,OKC's recent games have been played at a faster tempo (possession proxy). / Strength signal tilts toward OKC (pre-game Elo win proxy). / LAL has lived at the line more often (higher FTA/FGA). / OKC has taken better care of the ball lately (lower turnover rate).
PHI @ BOS,05/02/2026,,Boston Celtics,Philadelphia 76ers,0.6599,2026-05-02T16:10:18,0.6599,high,103.2,107.5,2026-05-02T23:30:00+00:00,Strength signal tilts toward BOS (pre-game Elo win proxy). / BOS has generated more second chances on the glass recently. / BOS has been the sharper shooting team recently (rolling eFG%). / PHI has taken better care of the ball lately (lower turnover rate).
ORL @ DET,05/03/2026,,Detroit Pistons,Orlando Magic,0.6068,2026-05-02T16:10:18,0.6068,medium,114.4,107.4,2026-05-03T19:30:00+00:00,Strength signal tilts toward DET (pre-game Elo win proxy). / ORL has taken better care of the ball lately (lower turnover rate). / DET has been the sharper shooting team recently (rolling eFG%).
TOR @ CLE,05/03/2026,,Cleveland Cavaliers,Toronto Raptors,0.6063,2026-05-02T16:10:18,0.6063,medium,116.5,117.1,2026-05-03T23:30:00+00:00,Strength signal tilts toward CLE (pre-game Elo win proxy). / TOR has generated more second chances on the glass recently. / CLE has been the sharper shooting team recently (rolling eFG%). / TOR has taken better care of the ball lately (lower turnover rate).
OKC @ LAL,05/09/2026,,Los Angeles Lakers,Oklahoma City Thunder,0.4382,2026-05-02T16:10:18,0.5618,medium,105.4,121.7,2026-05-09T04:00:00+00:00,OKC's recent games have been played at a faster tempo (possession proxy). / OKC comes in with more rest than LAL (day gap). / LAL has lived at the line more often (higher FTA/FGA). / Strength signal tilts toward OKC (pre-game Elo win proxy).
OKC @ LAL,05/11/2026,,Los Angeles Lakers,Oklahoma City Thunder,0.4382,2026-05-02T16:10:18,0.5618,medium,104.8,122.6,2026-05-11T04:00:00+00:00,OKC's recent games have been played at a faster tempo (possession proxy). / LAL has lived at the line more often (higher FTA/FGA). / Strength signal tilts toward OKC (pre-game Elo win proxy). / OKC has taken better care of the ball lately (lower turnover rate).
SAS @ MIN,05/08/2026,,Minnesota Timberwolves,San Antonio Spurs,0.3906,2026-05-02T16:10:18,0.6094,medium,107.5,121.8,2026-05-08T04:00:00+00:00,MIN's recent games have been played at a faster tempo (possession proxy). / SAS comes in with more rest than MIN (day gap). / Strength signal tilts toward SAS (pre-game Elo win proxy). / SAS has generated more second chances on the glass recently.
SAS @ MIN,05/10/2026,,Minnesota Timberwolves,San Antonio Spurs,0.3906,2026-05-02T16:10:18,0.6094,medium,106.6,123.0,2026-05-10T04:00:00+00:00,MIN's recent games have been played at a faster tempo (possession proxy). / Strength signal tilts toward SAS (pre-game Elo win proxy). / SAS has generated more second chances on the glass recently. / SAS has been the sharper shooting team recently (rolling eFG%).
SAS @ MIN,05/15/2026,,Minnesota Timberwolves,San Antonio Spurs,0.3906,2026-05-02T16:10:18,0.6094,medium,106.6,123.0,2026-05-15T04:00:00+00:00,MIN's recent games have been played at a faster tempo (possession proxy). / Strength signal tilts toward SAS (pre-game Elo win proxy). / SAS has generated more second chances on the glass recently. / SAS has been the sharper shooting team recently (rolling eFG%).
